dataset,method,category,scope,seed,n_decisions,fee,annualization_factor,protocol_id,split_protocol_id,accounting_protocol_id,APV,GARR,ARR,AVol,ASR,MDD,Calmar,Turnover
DJIA30_2026,Proposed Feedback + Reliability-policy,Proposed headline,common fixed five-day,1,100,0.001,50.4,nextclose_t1_t6_stride5_v2_20260905,chronological_90_10_label_availability_purge_v1_20260905,drift_full_l1_entry_fee_mark_to_market_v1_20260905,2.257757832073851,0.5074863493224038,0.44681436819131054,0.26611803848389964,1.6790081977789084,0.23791476048836702,2.1330595389739075,28.758050854104496
DJIA30_2026,Proposed Feedback + Reliability-policy,Proposed headline,common fixed five-day,2,100,0.001,50.4,nextclose_t1_t6_stride5_v2_20260905,chronological_90_10_label_availability_purge_v1_20260905,drift_full_l1_entry_fee_mark_to_market_v1_20260905,2.0002081624827563,0.4182144250541415,0.38295209593380863,0.25586260628069524,1.4967099002880058,0.23970420648910118,1.7447104128026925,16.651996156452842
DJIA30_2026,Proposed Feedback + Reliability-policy,Proposed headline,common fixed five-day,3,100,0.001,50.4,nextclose_t1_t6_stride5_v2_20260905,chronological_90_10_label_availability_purge_v1_20260905,drift_full_l1_entry_fee_mark_to_market_v1_20260905,2.707409910364257,0.6519892739622903,0.5582177895872193,0.3304532629121279,1.6892488355778688,0.26304518378342345,2.4786208383845625,28.22014570475909
DJIA30_2026,Proposed Feedback + Reliability-policy,Proposed headline,common fixed five-day,4,100,0.001,50.4,nextclose_t1_t6_stride5_v2_20260905,chronological_90_10_label_availability_purge_v1_20260905,drift_full_l1_entry_fee_mark_to_market_v1_20260905,1.9820673000092683,0.41171708890687997,0.38097386704628466,0.26550620422235144,1.4348962886277166,0.2827588119047514,1.4560716468336583,37.94439804664063
DJIA30_2026,Proposed Feedback + Reliability-policy,Proposed headline,common fixed five-day,5,100,0.001,50.4,nextclose_t1_t6_stride5_v2_20260905,chronological_90_10_label_availability_purge_v1_20260905,drift_full_l1_entry_fee_mark_to_market_v1_20260905,2.4649544052023358,0.5756932725317956,0.4982047143184037,0.29059493833396327,1.7144301176569257,0.2538885141051307,2.267504201838021,26.380457725635978
DJIA30_2026,Proposed Feedback + Reliability-policy,Proposed headline,common fixed five-day,6,100,0.001,50.4,nextclose_t1_t6_stride5_v2_20260905,chronological_90_10_label_availability_purge_v1_20260905,drift_full_l1_entry_fee_mark_to_market_v1_20260905,2.515595789632179,0.5919264294084621,0.5118374445837711,0.30204460434000396,1.6945756925609856,0.2572567702156887,2.3009168190682807,22.233945372505353
DJIA30_2026,Proposed Feedback + Reliability-policy,Proposed headline,common fixed five-day,7,100,0.001,50.4,nextclose_t1_t6_stride5_v2_20260905,chronological_90_10_label_availability_purge_v1_20260905,drift_full_l1_entry_fee_mark_to_market_v1_20260905,2.755762508115603,0.6667937403843645,0.5716509107822436,0.3446660923144608,1.6585644005291071,0.2862533503924872,2.3293831826600853,25.92829436336112
DJIA30_2026,Proposed Feedback + Reliability-policy,Proposed headline,common fixed five-day,8,100,0.001,50.4,nextclose_t1_t6_stride5_v2_20260905,chronological_90_10_label_availability_purge_v1_20260905,drift_full_l1_entry_fee_mark_to_market_v1_20260905,2.754578892268902,0.6664328896043992,0.579558268696813,0.3682437804876108,1.5738440115115853,0.33718000333437204,1.9764899549618788,19.99304266493599
DJIA30_2026,Proposed Feedback + Reliability-policy,Proposed headline,common fixed five-day,9,100,0.001,50.4,nextclose_t1_t6_stride5_v2_20260905,chronological_90_10_label_availability_purge_v1_20260905,drift_full_l1_entry_fee_mark_to_market_v1_20260905,2.556583815124185,0.6049468611783786,0.5219097874196947,0.3082426507246166,1.6931783651379508,0.24187503634538787,2.5010719184535386,16.063669094839707
DJIA30_2026,Proposed Feedback + Reliability-policy,Proposed headline,common fixed five-day,10,100,0.001,50.4,nextclose_t1_t6_stride5_v2_20260905,chronological_90_10_label_availability_purge_v1_20260905,drift_full_l1_entry_fee_mark_to_market_v1_20260905,2.330281920891667,0.5317005445371124,0.4633649603169287,0.26724612741392395,1.7338509814933492,0.24244479526180274,2.193078815995857,14.690726828749774
DJIA30_2026,Proposed Feedback + Equal-policy,M3 composition control,common fixed five-day,1,100,0.001,50.4,nextclose_t1_t6_stride5_v2_20260905,chronological_90_10_label_availability_purge_v1_20260905,drift_full_l1_entry_fee_mark_to_market_v1_20260905,1.929587458395283,0.3927529651175685,0.35643621159757144,0.22124025617925097,1.6110820777064343,0.21684370966608224,1.8112260010786987,32.06246662370488
DJIA30_2026,Proposed Feedback + Equal-policy,M3 composition control,common fixed five-day,2,100,0.001,50.4,nextclose_t1_t6_stride5_v2_20260905,chronological_90_10_label_availability_purge_v1_20260905,drift_full_l1_entry_fee_mark_to_market_v1_20260905,1.8580388519439641,0.3664810539053096,0.34156365011754186,0.2393158801493728,1.427250251443195,0.22316312383404036,1.6422115249553975,18.082934897080296
DJIA30_2026,Proposed Feedback + Equal-policy,M3 composition control,common fixed five-day,3,100,0.001,50.4,nextclose_t1_t6_stride5_v2_20260905,chronological_90_10_label_availability_purge_v1_20260905,drift_full_l1_entry_fee_mark_to_market_v1_20260905,2.4832315839405896,0.5815709544874581,0.5038757031296061,0.29645495779600356,1.6996703542274127,0.24248173126725103,2.3984114244321364,30.242258534778657
DJIA30_2026,Proposed Feedback + Equal-policy,M3 composition control,common fixed five-day,4,100,0.001,50.4,nextclose_t1_t6_stride5_v2_20260905,chronological_90_10_label_availability_purge_v1_20260905,drift_full_l1_entry_fee_mark_to_market_v1_20260905,1.907493671996961,0.3846927086840475,0.35992379250689593,0.2593632247983735,1.3877209954753504,0.27908378965982394,1.378412945993569,38.89281300172886
DJIA30_2026,Proposed Feedback + Equal-policy,M3 composition control,common fixed five-day,5,100,0.001,50.4,nextclose_t1_t6_stride5_v2_20260905,chronological_90_10_label_availability_purge_v1_20260905,drift_full_l1_entry_fee_mark_to_market_v1_20260905,2.438453079233323,0.5671322904846978,0.4900064531215013,0.280893021338197,1.74445933468575,0.24696098711943026,2.296444864023939,27.91897601850961
DJIA30_2026,Proposed Feedback + Equal-policy,M3 composition control,common fixed five-day,6,100,0.001,50.4,nextclose_t1_t6_stride5_v2_20260905,chronological_90_10_label_availability_purge_v1_20260905,drift_full_l1_entry_fee_mark_to_market_v1_20260905,2.4400658755736924,0.5676546026041496,0.4939010435220581,0.29357643117587306,1.6823593145533418,0.2563232184252613,2.214604693603542,22.20584464451033
DJIA30_2026,Proposed Feedback + Equal-policy,M3 composition control,common fixed five-day,7,100,0.001,50.4,nextclose_t1_t6_stride5_v2_20260905,chronological_90_10_label_availability_purge_v1_20260905,drift_full_l1_entry_fee_mark_to_market_v1_20260905,2.6146739858808097,0.6232239547506155,0.5389226992722973,0.32638641432066134,1.6511799377250664,0.2790851593039799,2.2330960066271355,27.615087257231217
DJIA30_2026,Proposed Feedback + Equal-policy,M3 composition control,common fixed five-day,8,100,0.001,50.4,nextclose_t1_t6_stride5_v2_20260905,chronological_90_10_label_availability_purge_v1_20260905,drift_full_l1_entry_fee_mark_to_market_v1_20260905,2.671404007864067,0.6408797101398074,0.5615922385347725,0.36158240838031747,1.5531514407749667,0.3387018602591455,1.8921647186982127,21.10938505685286
DJIA30_2026,Proposed Feedback + Equal-policy,M3 composition control,common fixed five-day,9,100,0.001,50.4,nextclose_t1_t6_stride5_v2_20260905,chronological_90_10_label_availability_purge_v1_20260905,drift_full_l1_entry_fee_mark_to_market_v1_20260905,2.3568539043684003,0.5404785728020716,0.47135095084836187,0.2760608486069531,1.7074168728628982,0.22375104837506576,2.4155353761564813,19.504946703903457
DJIA30_2026,Proposed Feedback + Equal-policy,M3 composition control,common fixed five-day,10,100,0.001,50.4,nextclose_t1_t6_stride5_v2_20260905,chronological_90_10_label_availability_purge_v1_20260905,drift_full_l1_entry_fee_mark_to_market_v1_20260905,2.249797179620352,0.5048051105435014,0.4437719616439832,0.26040523995980724,1.7041591087509531,0.24350637871380643,2.073067297907625,14.48128351726233
DJIA30_2026,Proposed Feedback + Profit-score,M3 composition control,common fixed five-day,1,100,0.001,50.4,nextclose_t1_t6_stride5_v2_20260905,chronological_90_10_label_availability_purge_v1_20260905,drift_full_l1_entry_fee_mark_to_market_v1_20260905,1.6576863182284518,0.29011726114886427,0.28990810707460574,0.26526897580177183,1.0928835767483267,0.35361782481007353,0.8204260102122536,48.3729984556589
DJIA30_2026,Proposed Feedback + Profit-score,M3 composition control,common fixed five-day,2,100,0.001,50.4,nextclose_t1_t6_stride5_v2_20260905,chronological_90_10_label_availability_purge_v1_20260905,drift_full_l1_entry_fee_mark_to_market_v1_20260905,2.508197777990309,0.5895651641597581,0.5379702853909628,0.38514815149581594,1.396787919925424,0.3336959256987654,1.7667736365830595,47.473787500688104
DJIA30_2026,Proposed Feedback + Profit-score,M3 composition control,common fixed five-day,3,100,0.001,50.4,nextclose_t1_t6_stride5_v2_20260905,chronological_90_10_label_availability_purge_v1_20260905,drift_full_l1_entry_fee_mark_to_market_v1_20260905,3.918881820971268,0.9904612725609345,0.8036765838689803,0.4762325472117866,1.6875717306057523,0.3385103845939319,2.9259405845084063,1.0
DJIA30_2026,Proposed Feedback + Profit-score,M3 composition control,common fixed five-day,4,100,0.001,50.4,nextclose_t1_t6_stride5_v2_20260905,chronological_90_10_label_availability_purge_v1_20260905,drift_full_l1_entry_fee_mark_to_market_v1_20260905,2.181419248895382,0.48157802235180336,0.46027956221412636,0.36857370769606923,1.2488127953871277,0.259155649100259,1.8582578617280932,72.38763107295969
DJIA30_2026,Proposed Feedback + Profit-score,M3 composition control,common fixed five-day,5,100,0.001,50.4,nextclose_t1_t6_stride5_v2_20260905,chronological_90_10_label_availability_purge_v1_20260905,drift_full_l1_entry_fee_mark_to_market_v1_20260905,2.4234427542855097,0.5622628796470905,0.5013717167672227,0.3306324207379136,1.5164021593776222,0.2787952891431833,2.0167588963754848,37.321602889243984
DJIA30_2026,Proposed Feedback + Profit-score,M3 composition control,common fixed five-day,6,100,0.001,50.4,nextclose_t1_t6_stride5_v2_20260905,chronological_90_10_label_availability_purge_v1_20260905,drift_full_l1_entry_fee_mark_to_market_v1_20260905,3.7177188413136655,0.9382927770500971,0.7747892602045636,0.47177938172528316,1.6422702861053027,0.37246579027510307,2.51913813710804,2.9361413895355133
DJIA30_2026,Proposed Feedback + Profit-score,M3 composition control,common fixed five-day,7,100,0.001,50.4,nextclose_t1_t6_stride5_v2_20260905,chronological_90_10_label_availability_purge_v1_20260905,drift_full_l1_entry_fee_mark_to_market_v1_20260905,3.7169797707722174,0.9380985629859171,0.7746830340505456,0.4717691997320568,1.6420805650104542,0.37259054205649245,2.5177734190678462,2.9434438841390786
DJIA30_2026,Proposed Feedback + Profit-score,M3 composition control,common fixed five-day,8,100,0.001,50.4,nextclose_t1_t6_stride5_v2_20260905,chronological_90_10_label_availability_purge_v1_20260905,drift_full_l1_entry_fee_mark_to_market_v1_20260905,3.918881820971268,0.9904612725609345,0.8036765838689803,0.4762325472117866,1.6875717306057523,0.3385103845939319,2.9259405845084063,1.0
DJIA30_2026,Proposed Feedback + Profit-score,M3 composition control,common fixed five-day,9,100,0.001,50.4,nextclose_t1_t6_stride5_v2_20260905,chronological_90_10_label_availability_purge_v1_20260905,drift_full_l1_entry_fee_mark_to_market_v1_20260905,3.918881820971268,0.9904612725609345,0.8036765838689803,0.4762325472117866,1.6875717306057523,0.3385103845939319,2.9259405845084063,1.0
DJIA30_2026,Proposed Feedback + Profit-score,M3 composition control,common fixed five-day,10,100,0.001,50.4,nextclose_t1_t6_stride5_v2_20260905,chronological_90_10_label_availability_purge_v1_20260905,drift_full_l1_entry_fee_mark_to_market_v1_20260905,1.3121118698695162,0.14671981116805188,0.17540265493127546,0.2778027700107027,0.6313927500597559,0.3465463604234418,0.4233771521616222,34.57452817539482
DJIA30_2026,Proposed Feedback J=1,M3 learner-count control,common fixed five-day,1,100,0.001,50.4,nextclose_t1_t6_stride5_v2_20260905,chronological_90_10_label_availability_purge_v1_20260905,drift_full_l1_entry_fee_mark_to_market_v1_20260905,3.918881820971268,0.9904612725609345,0.8036765838689803,0.4762325472117866,1.6875717306057523,0.3385103845939319,2.9259405845084063,1.0
DJIA30_2026,Proposed Feedback J=1,M3 learner-count control,common fixed five-day,2,100,0.001,50.4,nextclose_t1_t6_stride5_v2_20260905,chronological_90_10_label_availability_purge_v1_20260905,drift_full_l1_entry_fee_mark_to_market_v1_20260905,0.8009209156808671,-0.10585248038029704,-0.050715445545012845,0.34680279253927593,-0.14623713140738118,0.48641880890402367,-0.21761592776150854,29.954936497272655
DJIA30_2026,Proposed Feedback J=1,M3 learner-count control,common fixed five-day,3,100,0.001,50.4,nextclose_t1_t6_stride5_v2_20260905,chronological_90_10_label_availability_purge_v1_20260905,drift_full_l1_entry_fee_mark_to_market_v1_20260905,3.918881820971268,0.9904612725609345,0.8036765838689803,0.4762325472117866,1.6875717306057523,0.3385103845939319,2.9259405845084063,1.0
DJIA30_2026,Proposed Feedback J=1,M3 learner-count control,common fixed five-day,4,100,0.001,50.4,nextclose_t1_t6_stride5_v2_20260905,chronological_90_10_label_availability_purge_v1_20260905,drift_full_l1_entry_fee_mark_to_market_v1_20260905,1.225039253167058,0.10771389225048789,0.13859873842254114,0.2716782385577895,0.5101576746017491,0.27465514736349306,0.3921786767314201,41.681293278243785
DJIA30_2026,Proposed Feedback J=1,M3 learner-count control,common fixed five-day,5,100,0.001,50.4,nextclose_t1_t6_stride5_v2_20260905,chronological_90_10_label_availability_purge_v1_20260905,drift_full_l1_entry_fee_mark_to_market_v1_20260905,3.918881820971268,0.9904612725609345,0.8036765838689803,0.4762325472117866,1.6875717306057523,0.3385103845939319,2.9259405845084063,1.0
DJIA30_2026,Proposed Feedback J=1,M3 learner-count control,common fixed five-day,6,100,0.001,50.4,nextclose_t1_t6_stride5_v2_20260905,chronological_90_10_label_availability_purge_v1_20260905,drift_full_l1_entry_fee_mark_to_market_v1_20260905,1.4759756656777496,0.21679079455544326,0.2379876874910334,0.28736907791721805,0.8281603894751339,0.2711748292725432,0.7994502850320171,5.033881815900301
DJIA30_2026,Proposed Feedback J=1,M3 learner-count control,common fixed five-day,7,100,0.001,50.4,nextclose_t1_t6_stride5_v2_20260905,chronological_90_10_label_availability_purge_v1_20260905,drift_full_l1_entry_fee_mark_to_market_v1_20260905,3.918881820971268,0.9904612725609345,0.8036765838689803,0.4762325472117866,1.6875717306057523,0.3385103845939319,2.9259405845084063,1.0
DJIA30_2026,Proposed Feedback J=1,M3 learner-count control,common fixed five-day,8,100,0.001,50.4,nextclose_t1_t6_stride5_v2_20260905,chronological_90_10_label_availability_purge_v1_20260905,drift_full_l1_entry_fee_mark_to_market_v1_20260905,3.9224568646474145,0.9913762391423282,0.8039571335755399,0.4758179189511846,1.6896318981589677,0.3385103845939318,2.9286435047821566,5.027865866647678
DJIA30_2026,Proposed Feedback J=1,M3 learner-count control,common fixed five-day,9,100,0.001,50.4,nextclose_t1_t6_stride5_v2_20260905,chronological_90_10_label_availability_purge_v1_20260905,drift_full_l1_entry_fee_mark_to_market_v1_20260905,3.918881820971268,0.9904612725609345,0.8036765838689803,0.4762325472117866,1.6875717306057523,0.3385103845939319,2.9259405845084063,1.0
DJIA30_2026,Proposed Feedback J=1,M3 learner-count control,common fixed five-day,10,100,0.001,50.4,nextclose_t1_t6_stride5_v2_20260905,chronological_90_10_label_availability_purge_v1_20260905,drift_full_l1_entry_fee_mark_to_market_v1_20260905,1.2787660580194193,0.13193819505337734,0.15243857750541764,0.2380710277781442,0.6403071340855196,0.2923774900000028,0.45125975687586645,14.65975268574337
DJIA30_2026,Proposed No-Sparse + Reliability-policy,M1 control,common fixed five-day,1,100,0.001,50.4,nextclose_t1_t6_stride5_v2_20260905,chronological_90_10_label_availability_purge_v1_20260905,drift_full_l1_entry_fee_mark_to_market_v1_20260905,1.4660913925851033,0.2126770711928978,0.2157676275776798,0.2129159221823504,1.0133935751074883,0.16414576592724783,1.2956598057312052,147.84319114538036
DJIA30_2026,Proposed No-Sparse + Reliability-policy,M1 control,common fixed five-day,2,100,0.001,50.4,nextclose_t1_t6_stride5_v2_20260905,chronological_90_10_label_availability_purge_v1_20260905,drift_full_l1_entry_fee_mark_to_market_v1_20260905,1.1965488277952563,0.09465416675896643,0.11220350053738766,0.20908933625638876,0.5366294740148866,0.23048241831282912,0.41067846932469376,152.1569239874896
DJIA30_2026,Proposed No-Sparse + Reliability-policy,M1 control,common fixed five-day,3,100,0.001,50.4,nextclose_t1_t6_stride5_v2_20260905,chronological_90_10_label_availability_purge_v1_20260905,drift_full_l1_entry_fee_mark_to_market_v1_20260905,1.5419254656447212,0.24389563569127404,0.2387857199732817,0.2022858640799379,1.1804370071006052,0.13157009993599433,1.853731477059935,143.81871961883155
DJIA30_2026,Proposed No-Sparse + Reliability-policy,M1 control,common fixed five-day,4,100,0.001,50.4,nextclose_t1_t6_stride5_v2_20260905,chronological_90_10_label_availability_purge_v1_20260905,drift_full_l1_entry_fee_mark_to_market_v1_20260905,1.263323856363474,0.12502819699154566,0.13115155617926355,0.163505772357138,0.8021218718370098,0.11225871145860278,1.113750508686819,146.73599638186562
DJIA30_2026,Proposed No-Sparse + Reliability-policy,M1 control,common fixed five-day,5,100,0.001,50.4,nextclose_t1_t6_stride5_v2_20260905,chronological_90_10_label_availability_purge_v1_20260905,drift_full_l1_entry_fee_mark_to_market_v1_20260905,1.191974563135773,0.09254305770419369,0.10620495133960242,0.18866891415765663,0.5629170646037366,0.17869404025455815,0.5178855297712319,154.99869340401835
DJIA30_2026,Proposed No-Sparse + Reliability-policy,M1 control,common fixed five-day,6,100,0.001,50.4,nextclose_t1_t6_stride5_v2_20260905,chronological_90_10_label_availability_purge_v1_20260905,drift_full_l1_entry_fee_mark_to_market_v1_20260905,1.448725755618365,0.20541623187818847,0.20256146825692228,0.17591838276967062,1.151451400744943,0.14907396969234532,1.3779483588055026,155.3295369947879
DJIA30_2026,Proposed No-Sparse + Reliability-policy,M1 control,common fixed five-day,7,100,0.001,50.4,nextclose_t1_t6_stride5_v2_20260905,chronological_90_10_label_availability_purge_v1_20260905,drift_full_l1_entry_fee_mark_to_market_v1_20260905,1.3236407212567525,0.15178691472742178,0.1605034477294905,0.19649329338890523,0.8168393178275932,0.21024337584300046,0.7219581312315346,156.74850338389365
DJIA30_2026,Proposed No-Sparse + Reliability-policy,M1 control,common fixed five-day,8,100,0.001,50.4,nextclose_t1_t6_stride5_v2_20260905,chronological_90_10_label_availability_purge_v1_20260905,drift_full_l1_entry_fee_mark_to_market_v1_20260905,1.5576538311690047,0.2502744539118571,0.23772706556496773,0.16759039877222212,1.4185005066314733,0.11459180962683746,2.184051850885883,139.65587109097623
DJIA30_2026,Proposed No-Sparse + Reliability-policy,M1 control,common fixed five-day,9,100,0.001,50.4,nextclose_t1_t6_stride5_v2_20260905,chronological_90_10_label_availability_purge_v1_20260905,drift_full_l1_entry_fee_mark_to_market_v1_20260905,2.0364809448872454,0.4311188326331583,0.3912575728670702,0.2542333330199921,1.5389703947133593,0.20670179888968776,2.085704309052661,139.12832343232935
DJIA30_2026,Proposed No-Sparse + Reliability-policy,M1 control,common fixed five-day,10,100,0.001,50.4,nextclose_t1_t6_stride5_v2_20260905,chronological_90_10_label_availability_purge_v1_20260905,drift_full_l1_entry_fee_mark_to_market_v1_20260905,1.2219574642146311,0.10630854957784441,0.11853560769045964,0.18850665016736087,0.6288139308890206,0.20875250842280546,0.5092563935209249,149.46206710949372
DJIA30_2026,Proposed Fixed-5 + Reliability-policy,M2 control,common fixed five-day,1,100,0.001,50.4,nextclose_t1_t6_stride5_v2_20260905,chronological_90_10_label_availability_purge_v1_20260905,drift_full_l1_entry_fee_mark_to_market_v1_20260905,1.4971650662220513,0.2255637907589807,0.21449710928104654,0.14615890057091593,1.4675610478950825,0.14101387117322517,1.5995858342325215,18.533243564894832
DJIA30_2026,Proposed Fixed-5 + Reliability-policy,M2 control,common fixed five-day,2,100,0.001,50.4,nextclose_t1_t6_stride5_v2_20260905,chronological_90_10_label_availability_purge_v1_20260905,drift_full_l1_entry_fee_mark_to_market_v1_20260905,1.5656258711646354,0.25349540579604546,0.24096130934624652,0.17086747743524616,1.410223367039312,0.18967151923018455,1.336496943900178,19.30193583791846
DJIA30_2026,Proposed Fixed-5 + Reliability-policy,M2 control,common fixed five-day,3,100,0.001,50.4,nextclose_t1_t6_stride5_v2_20260905,chronological_90_10_label_availability_purge_v1_20260905,drift_full_l1_entry_fee_mark_to_market_v1_20260905,1.7239950512797615,0.31587353213258496,0.29047573324355946,0.17487481568907268,1.661049546208101,0.1911376351194225,1.6525972602686418,25.5375879233685
DJIA30_2026,Proposed Fixed-5 + Reliability-policy,M2 control,common fixed five-day,4,100,0.001,50.4,nextclose_t1_t6_stride5_v2_20260905,chronological_90_10_label_availability_purge_v1_20260905,drift_full_l1_entry_fee_mark_to_market_v1_20260905,1.5657338115616253,0.2535389611832952,0.24106943353610552,0.17106168567228006,1.4092544019351376,0.1844848996558005,1.374307391316748,23.155631491365988
DJIA30_2026,Proposed Fixed-5 + Reliability-policy,M2 control,common fixed five-day,5,100,0.001,50.4,nextclose_t1_t6_stride5_v2_20260905,chronological_90_10_label_availability_purge_v1_20260905,drift_full_l1_entry_fee_mark_to_market_v1_20260905,1.63680104956525,0.2818993608657574,0.2662009954397827,0.18621648172528377,1.4295243523744383,0.2027419030651133,1.390434619602153,20.743589135959244
DJIA30_2026,Proposed Fixed-5 + Reliability-policy,M2 control,common fixed five-day,6,100,0.001,50.4,nextclose_t1_t6_stride5_v2_20260905,chronological_90_10_label_availability_purge_v1_20260905,drift_full_l1_entry_fee_mark_to_market_v1_20260905,1.7436788728727017,0.32342434299010914,0.2953228373545033,0.16982441031959666,1.7389893290294849,0.17707442812846075,1.8264881406561828,18.663217995761435
DJIA30_2026,Proposed Fixed-5 + Reliability-policy,M2 control,common fixed five-day,7,100,0.001,50.4,nextclose_t1_t6_stride5_v2_20260905,chronological_90_10_label_availability_purge_v1_20260905,drift_full_l1_entry_fee_mark_to_market_v1_20260905,1.7158891234820155,0.31275163413590423,0.28732529315294586,0.17090807939784564,1.6811685800066847,0.17389749557725365,1.7984826814079382,17.993505230169337
DJIA30_2026,Proposed Fixed-5 + Reliability-policy,M2 control,common fixed five-day,8,100,0.001,50.4,nextclose_t1_t6_stride5_v2_20260905,chronological_90_10_label_availability_purge_v1_20260905,drift_full_l1_entry_fee_mark_to_market_v1_20260905,1.5658099321903527,0.25356967597494506,0.24006300459602828,0.16546473927061112,1.4508408598366969,0.1797081585214927,1.4110081482172592,21.663578436167754
DJIA30_2026,Proposed Fixed-5 + Reliability-policy,M2 control,common fixed five-day,9,100,0.001,50.4,nextclose_t1_t6_stride5_v2_20260905,chronological_90_10_label_availability_purge_v1_20260905,drift_full_l1_entry_fee_mark_to_market_v1_20260905,1.541313434858591,0.24364676879866898,0.23180873202346144,0.1632801908017755,1.4196990515823231,0.19013945792424325,1.281410873148405,29.336604985521475
DJIA30_2026,Proposed Fixed-5 + Reliability-policy,M2 control,common fixed five-day,10,100,0.001,50.4,nextclose_t1_t6_stride5_v2_20260905,chronological_90_10_label_availability_purge_v1_20260905,drift_full_l1_entry_fee_mark_to_market_v1_20260905,1.5339162179283088,0.24063499179162728,0.23057997223896712,0.17055791781694893,1.3519159660851205,0.18402313108814383,1.307634482517132,21.893870782608616
DJIA30_2026,Standard + Equal-policy,M3 training control,common fixed five-day,1,100,0.001,50.4,nextclose_t1_t6_stride5_v2_20260905,chronological_90_10_label_availability_purge_v1_20260905,drift_full_l1_entry_fee_mark_to_market_v1_20260905,1.3398826497358416,0.1588884880486625,0.16276010771998237,0.17290224412373326,0.9413417885051109,0.17040395070533265,0.9324225605744141,50.436271082055214
DJIA30_2026,Standard + Equal-policy,M3 training control,common fixed five-day,2,100,0.001,50.4,nextclose_t1_t6_stride5_v2_20260905,chronological_90_10_label_availability_purge_v1_20260905,drift_full_l1_entry_fee_mark_to_market_v1_20260905,1.5631747699195149,0.2525059525822846,0.2490796579302299,0.21809971765948757,1.142044843538543,0.23910512838251063,1.0560457414294178,18.496549417220415
DJIA30_2026,Standard + Equal-policy,M3 training control,common fixed five-day,3,100,0.001,50.4,nextclose_t1_t6_stride5_v2_20260905,chronological_90_10_label_availability_purge_v1_20260905,drift_full_l1_entry_fee_mark_to_market_v1_20260905,1.5981671559744042,0.2665594786133818,0.24947035365572529,0.1589931349405715,1.5690636815795374,0.12646518912467564,2.107769580375152,30.786234834369154
DJIA30_2026,Standard + Equal-policy,M3 training control,common fixed five-day,4,100,0.001,50.4,nextclose_t1_t6_stride5_v2_20260905,chronological_90_10_label_availability_purge_v1_20260905,drift_full_l1_entry_fee_mark_to_market_v1_20260905,1.1192628161596012,0.058429086953476705,0.07573989555904323,0.19458045267368348,0.38924719579135225,0.21684763549049402,0.2694476553609369,46.37569528995377
DJIA30_2026,Standard + Equal-policy,M3 training control,common fixed five-day,5,100,0.001,50.4,nextclose_t1_t6_stride5_v2_20260905,chronological_90_10_label_availability_purge_v1_20260905,drift_full_l1_entry_fee_mark_to_market_v1_20260905,1.6232711484368043,0.2765478518411606,0.26669913989307525,0.20959889591156383,1.272426263187969,0.2562530640873394,1.0791982247162675,41.78775832049451
DJIA30_2026,Standard + Equal-policy,M3 training control,common fixed five-day,6,100,0.001,50.4,nextclose_t1_t6_stride5_v2_20260905,chronological_90_10_label_availability_purge_v1_20260905,drift_full_l1_entry_fee_mark_to_market_v1_20260905,2.0295088637744976,0.4286473502137602,0.3887370959590776,0.2489386004773106,1.5615782173343942,0.27662957156482626,1.5495355315377395,36.658217158536154
DJIA30_2026,Standard + Equal-policy,M3 training control,common fixed five-day,7,100,0.001,50.4,nextclose_t1_t6_stride5_v2_20260905,chronological_90_10_label_availability_purge_v1_20260905,drift_full_l1_entry_fee_mark_to_market_v1_20260905,1.1924163005075603,0.0927471028861162,0.09874633094151054,0.141625133460297,0.6972373372498388,0.12562006602958076,0.7383143936915008,33.043423356463954
DJIA30_2026,Standard + Equal-policy,M3 training control,common fixed five-day,8,100,0.001,50.4,nextclose_t1_t6_stride5_v2_20260905,chronological_90_10_label_availability_purge_v1_20260905,drift_full_l1_entry_fee_mark_to_market_v1_20260905,1.422717775120619,0.19446066857693256,0.19203005443371912,0.16642917899628074,1.1538244410735843,0.17251651817323266,1.1272002857237395,21.177581523111296
DJIA30_2026,Standard + Equal-policy,M3 training control,common fixed five-day,9,100,0.001,50.4,nextclose_t1_t6_stride5_v2_20260905,chronological_90_10_label_availability_purge_v1_20260905,drift_full_l1_entry_fee_mark_to_market_v1_20260905,1.4741296172030711,0.2160235300131419,0.20662223451596412,0.145626524740582,1.4188502739046986,0.16648940980271054,1.297521147255727,45.7455944897686
DJIA30_2026,Standard + Equal-policy,M3 training control,common fixed five-day,10,100,0.001,50.4,nextclose_t1_t6_stride5_v2_20260905,chronological_90_10_label_availability_purge_v1_20260905,drift_full_l1_entry_fee_mark_to_market_v1_20260905,1.3671142360906599,0.17070001007652635,0.1788672409273159,0.20595885024898963,0.868461057687388,0.25374729534945306,0.6727165696148346,38.818611565682545
DJIA30_2026,FinGAT,Learned baseline,common fixed five-day,1,100,0.001,50.4,nextclose_t1_t6_stride5_v2_20260905,chronological_90_10_label_availability_purge_v1_20260905,drift_full_l1_entry_fee_mark_to_market_v1_20260905,1.2389089855449644,0.11401710453181968,0.12744362550143454,0.19508710047685457,0.6532652604396806,0.25219392712911504,0.4521009123009003,120.34603940910705
DJIA30_2026,FinGAT,Learned baseline,common fixed five-day,2,100,0.001,50.4,nextclose_t1_t6_stride5_v2_20260905,chronological_90_10_label_availability_purge_v1_20260905,drift_full_l1_entry_fee_mark_to_market_v1_20260905,1.0998228052560102,0.04912358709266185,0.06315881424718506,0.1741016512913911,0.3627697599575157,0.21738986784965797,0.22596999381146243,143.37076997257003
DJIA30_2026,FinGAT,Learned baseline,common fixed five-day,3,100,0.001,50.4,nextclose_t1_t6_stride5_v2_20260905,chronological_90_10_label_availability_purge_v1_20260905,drift_full_l1_entry_fee_mark_to_market_v1_20260905,1.2505974772711455,0.11930190866529178,0.12968755228303136,0.1837609789464952,0.7057404299135338,0.22376573803443445,0.5331553870277177,110.77429432966684
DJIA30_2026,FinGAT,Learned baseline,common fixed five-day,4,100,0.001,50.4,nextclose_t1_t6_stride5_v2_20260905,chronological_90_10_label_availability_purge_v1_20260905,drift_full_l1_entry_fee_mark_to_market_v1_20260905,1.5047746796565225,0.22869933531993403,0.23157234526297474,0.22492683160738627,1.0295452241428817,0.25065667115196155,0.9124007522675676,145.3377870527704
DJIA30_2026,FinGAT,Learned baseline,common fixed five-day,5,100,0.001,50.4,nextclose_t1_t6_stride5_v2_20260905,chronological_90_10_label_availability_purge_v1_20260905,drift_full_l1_entry_fee_mark_to_market_v1_20260905,1.0082396009857344,0.0041443077503671155,0.016847998505875806,0.1590344550658537,0.10593929786409688,0.17996052460569656,0.02302898238070556,125.47983593920443
DJIA30_2026,FinGAT,Learned baseline,common fixed five-day,6,100,0.001,50.4,nextclose_t1_t6_stride5_v2_20260905,chronological_90_10_label_availability_purge_v1_20260905,drift_full_l1_entry_fee_mark_to_market_v1_20260905,1.3632919445748835,0.16904920192070416,0.1708557852006905,0.16937688207678184,1.0087314343361111,0.18036980483865672,0.9372367069528129,116.9010567907718
DJIA30_2026,FinGAT,Learned baseline,common fixed five-day,7,100,0.001,50.4,nextclose_t1_t6_stride5_v2_20260905,chronological_90_10_label_availability_purge_v1_20260905,drift_full_l1_entry_fee_mark_to_market_v1_20260905,1.3980700234020667,0.1839860287348285,0.18295841006244892,0.16702160413356268,1.095417631818109,0.1869039797870935,0.9843879672568294,135.9576705453457
DJIA30_2026,FinGAT,Learned baseline,common fixed five-day,8,100,0.001,50.4,nextclose_t1_t6_stride5_v2_20260905,chronological_90_10_label_availability_purge_v1_20260905,drift_full_l1_entry_fee_mark_to_market_v1_20260905,1.204552780761535,0.09833853399700687,0.10763741073546017,0.16461538213199087,0.6538721311545176,0.17918750527247196,0.5488024058791019,144.182987594928
DJIA30_2026,FinGAT,Learned baseline,common fixed five-day,9,100,0.001,50.4,nextclose_t1_t6_stride5_v2_20260905,chronological_90_10_label_availability_purge_v1_20260905,drift_full_l1_entry_fee_mark_to_market_v1_20260905,1.238604239405947,0.1138789873525301,0.12262530194903405,0.17051720090478276,0.7191374318741506,0.21212204650005873,0.5368559715102437,111.71924848242793
DJIA30_2026,FinGAT,Learned baseline,common fixed five-day,10,100,0.001,50.4,nextclose_t1_t6_stride5_v2_20260905,chronological_90_10_label_availability_purge_v1_20260905,drift_full_l1_entry_fee_mark_to_market_v1_20260905,1.3172426121809822,0.14897756531260553,0.15367178169968868,0.1706793268223667,0.9003538071111652,0.16674189662561412,0.8934621011724794,111.83636179655493
DJIA30_2026,GERU,Learned baseline,common fixed five-day,1,100,0.001,50.4,nextclose_t1_t6_stride5_v2_20260905,chronological_90_10_label_availability_purge_v1_20260905,drift_full_l1_entry_fee_mark_to_market_v1_20260905,1.3911698910436514,0.1810372772523552,0.1869194203265089,0.2010805254233209,0.929574954774961,0.23686722676638605,0.7642985470121875,132.92814106662172
DJIA30_2026,GERU,Learned baseline,common fixed five-day,2,100,0.001,50.4,nextclose_t1_t6_stride5_v2_20260905,chronological_90_10_label_availability_purge_v1_20260905,drift_full_l1_entry_fee_mark_to_market_v1_20260905,1.1379569255999287,0.06730222533226926,0.07722448868906809,0.1543488188577721,0.5003244550917373,0.18923959745417218,0.35564557438126937,158.69057706813294
DJIA30_2026,GERU,Learned baseline,common fixed five-day,3,100,0.001,50.4,nextclose_t1_t6_stride5_v2_20260905,chronological_90_10_label_availability_purge_v1_20260905,drift_full_l1_entry_fee_mark_to_market_v1_20260905,1.1535682320693423,0.07465686399330984,0.08884712995935005,0.18335342661316983,0.48456760040157537,0.11499685100350576,0.6492078986670154,122.28143516082947
DJIA30_2026,GERU,Learned baseline,common fixed five-day,4,100,0.001,50.4,nextclose_t1_t6_stride5_v2_20260905,chronological_90_10_label_availability_purge_v1_20260905,drift_full_l1_entry_fee_mark_to_market_v1_20260905,1.089246053847932,0.04402645027224095,0.057060316968774824,0.16688769132064551,0.34190848059095863,0.16035849779499178,0.27455015404625444,120.56003853585031
DJIA30_2026,GERU,Learned baseline,common fixed five-day,5,100,0.001,50.4,nextclose_t1_t6_stride5_v2_20260905,chronological_90_10_label_availability_purge_v1_20260905,drift_full_l1_entry_fee_mark_to_market_v1_20260905,1.264787383711378,0.1256848793805032,0.13429274285657092,0.1777416994403348,0.755550010377002,0.11957645527456984,1.051083836629103,125.00228101729635
DJIA30_2026,GERU,Learned baseline,common fixed five-day,6,100,0.001,50.4,nextclose_t1_t6_stride5_v2_20260905,chronological_90_10_label_availability_purge_v1_20260905,drift_full_l1_entry_fee_mark_to_market_v1_20260905,1.4713994609488523,0.21488793373604942,0.21190489393424977,0.1843994879004456,1.1491620521671617,0.15050276619532887,1.427800559208053,146.72992562455082
DJIA30_2026,GERU,Learned baseline,common fixed five-day,7,100,0.001,50.4,nextclose_t1_t6_stride5_v2_20260905,chronological_90_10_label_availability_purge_v1_20260905,drift_full_l1_entry_fee_mark_to_market_v1_20260905,1.6359808092479975,0.2815755557777211,0.2590219617570119,0.14439781241598826,1.7938080738426205,0.12896655787654898,2.1833222535663426,150.41792531120223
DJIA30_2026,GERU,Learned baseline,common fixed five-day,8,100,0.001,50.4,nextclose_t1_t6_stride5_v2_20260905,chronological_90_10_label_availability_purge_v1_20260905,drift_full_l1_entry_fee_mark_to_market_v1_20260905,1.1284300034645809,0.0627893920792073,0.07437123917575672,0.16293257901475727,0.456454072141218,0.12666344994274648,0.49571831580135334,165.62600212124045
DJIA30_2026,GERU,Learned baseline,common fixed five-day,9,100,0.001,50.4,nextclose_t1_t6_stride5_v2_20260905,chronological_90_10_label_availability_purge_v1_20260905,drift_full_l1_entry_fee_mark_to_market_v1_20260905,1.2224757225905203,0.10654500614130202,0.11814051363545956,0.18293038745132476,0.6458222457266435,0.138696022578227,0.7681907826968056,117.05172295528276
DJIA30_2026,GERU,Learned baseline,common fixed five-day,10,100,0.001,50.4,nextclose_t1_t6_stride5_v2_20260905,chronological_90_10_label_availability_purge_v1_20260905,drift_full_l1_entry_fee_mark_to_market_v1_20260905,1.2529022222459192,0.12034107424916951,0.13304185714640793,0.1950417410340855,0.6821199218230806,0.21596605691271853,0.557222167082509,99.32370533675822
DJIA30_2026,StockFormer v2,Learned baseline,common fixed five-day,1,100,0.001,50.4,nextclose_t1_t6_stride5_v2_20260905,chronological_90_10_label_availability_purge_v1_20260905,drift_full_l1_entry_fee_mark_to_market_v1_20260905,1.0227002381292416,0.011377230466203203,0.023541622530650206,0.15713333450075315,0.1498194040459147,0.22469666872410554,0.05063373004507142,182.86966502294314
DJIA30_2026,StockFormer v2,Learned baseline,common fixed five-day,2,100,0.001,50.4,nextclose_t1_t6_stride5_v2_20260905,chronological_90_10_label_availability_purge_v1_20260905,drift_full_l1_entry_fee_mark_to_market_v1_20260905,1.3726537015156863,0.17308839023993294,0.17388391474858653,0.1683264432876242,1.0330160333244025,0.2072688272874006,0.8350912797896387,164.66780622565233
DJIA30_2026,StockFormer v2,Learned baseline,common fixed five-day,3,100,0.001,50.4,nextclose_t1_t6_stride5_v2_20260905,chronological_90_10_label_availability_purge_v1_20260905,drift_full_l1_entry_fee_mark_to_market_v1_20260905,1.417501182176908,0.19225131084330283,0.190106975609616,0.16762064364977663,1.1341501349131071,0.19379423400761886,0.9920383432860269,163.0118304434613
DJIA30_2026,StockFormer v2,Learned baseline,common fixed five-day,4,100,0.001,50.4,nextclose_t1_t6_stride5_v2_20260905,chronological_90_10_label_availability_purge_v1_20260905,drift_full_l1_entry_fee_mark_to_market_v1_20260905,1.111011691003222,0.05448932848889898,0.06901361728293895,0.1783237279666566,0.3870130916949161,0.16857246912510904,0.3232397838846316,166.2910013030454
DJIA30_2026,StockFormer v2,Learned baseline,common fixed five-day,5,100,0.001,50.4,nextclose_t1_t6_stride5_v2_20260905,chronological_90_10_label_availability_purge_v1_20260905,drift_full_l1_entry_fee_mark_to_market_v1_20260905,1.0321466195878077,0.016074758882750784,0.027450146838400965,0.1518721991288464,0.18074504086895204,0.2201436129514095,0.07301941976530944,159.98514943606864
DJIA30_2026,StockFormer v2,Learned baseline,common fixed five-day,6,100,0.001,50.4,nextclose_t1_t6_stride5_v2_20260905,chronological_90_10_label_availability_purge_v1_20260905,drift_full_l1_entry_fee_mark_to_market_v1_20260905,1.144291052551405,0.07029229031760842,0.08325324498930174,0.17477869905615104,0.47633519095227406,0.1677792316519947,0.4189570403052488,164.70661653623122
DJIA30_2026,StockFormer v2,Learned baseline,common fixed five-day,7,100,0.001,50.4,nextclose_t1_t6_stride5_v2_20260905,chronological_90_10_label_availability_purge_v1_20260905,drift_full_l1_entry_fee_mark_to_market_v1_20260905,1.1510784485903964,0.07348722645494266,0.08860343646935831,0.18718204146795567,0.4733543654855727,0.2302519556579905,0.3191600533638829,161.3143911370563
DJIA30_2026,StockFormer v2,Learned baseline,common fixed five-day,8,100,0.001,50.4,nextclose_t1_t6_stride5_v2_20260905,chronological_90_10_label_availability_purge_v1_20260905,drift_full_l1_entry_fee_mark_to_market_v1_20260905,1.1516809759495952,0.07377039362459059,0.08597660766653083,0.1721343898564992,0.49947374105898135,0.18345624849645692,0.40211436911627085,171.41030019835998
DJIA30_2026,StockFormer v2,Learned baseline,common fixed five-day,9,100,0.001,50.4,nextclose_t1_t6_stride5_v2_20260905,chronological_90_10_label_availability_purge_v1_20260905,drift_full_l1_entry_fee_mark_to_market_v1_20260905,1.1902298826523718,0.0917367965298923,0.10156421972517393,0.16589764675133337,0.6122101290406498,0.1899874171190482,0.4828572224465214,175.3309316329495
DJIA30_2026,StockFormer v2,Learned baseline,common fixed five-day,10,100,0.001,50.4,nextclose_t1_t6_stride5_v2_20260905,chronological_90_10_label_availability_purge_v1_20260905,drift_full_l1_entry_fee_mark_to_market_v1_20260905,1.1684217581376983,0.0816088108674975,0.08923803849553584,0.14633932747981715,0.6098021634535896,0.1196966200364834,0.6817971204418573,165.361680133209
DJIA30_2026,MASTER,Learned baseline,common fixed five-day,1,100,0.001,50.4,nextclose_t1_t6_stride5_v2_20260905,chronological_90_10_label_availability_purge_v1_20260905,drift_full_l1_entry_fee_mark_to_market_v1_20260905,1.1178045752886927,0.05773385474143833,0.07613765283856293,0.19933852925578321,0.38195151295044494,0.23973112533990337,0.24082752984027517,134.4521059887056
DJIA30_2026,MASTER,Learned baseline,common fixed five-day,2,100,0.001,50.4,nextclose_t1_t6_stride5_v2_20260905,chronological_90_10_label_availability_purge_v1_20260905,drift_full_l1_entry_fee_mark_to_market_v1_20260905,1.4742939853813186,0.2160918649151764,0.21514469353834634,0.19466587939380822,1.1051998131789165,0.2047561433982822,1.0553620581476009,140.44112961547597
DJIA30_2026,MASTER,Learned baseline,common fixed five-day,3,100,0.001,50.4,nextclose_t1_t6_stride5_v2_20260905,chronological_90_10_label_availability_purge_v1_20260905,drift_full_l1_entry_fee_mark_to_market_v1_20260905,1.3119842445804302,0.14666359461629175,0.15948283867089905,0.21222257360035693,0.7514885714807429,0.24687416824771125,0.5940823847926077,127.93491197453423
DJIA30_2026,MASTER,Learned baseline,common fixed five-day,4,100,0.001,50.4,nextclose_t1_t6_stride5_v2_20260905,chronological_90_10_label_availability_purge_v1_20260905,drift_full_l1_entry_fee_mark_to_market_v1_20260905,1.5231354509693942,0.23623267225450006,0.2300996176267789,0.18793464167965343,1.224359785775942,0.10237392856376515,2.3075472004315922,126.61526446337274
DJIA30_2026,MASTER,Learned baseline,common fixed five-day,5,100,0.001,50.4,nextclose_t1_t6_stride5_v2_20260905,chronological_90_10_label_availability_purge_v1_20260905,drift_full_l1_entry_fee_mark_to_market_v1_20260905,1.2132836486999652,0.10234369319418968,0.11587026802614894,0.19176262944086483,0.6042380017629069,0.19437169563669066,0.5265359900213307,129.56093809786984
DJIA30_2026,MASTER,Learned baseline,common fixed five-day,6,100,0.001,50.4,nextclose_t1_t6_stride5_v2_20260905,chronological_90_10_label_availability_purge_v1_20260905,drift_full_l1_entry_fee_mark_to_market_v1_20260905,1.4333256683103042,0.19894101863998226,0.20105889169209873,0.1972609089285087,1.0192536006460686,0.2026736486051589,0.9815830524053553,131.3339369281563
DJIA30_2026,MASTER,Learned baseline,common fixed five-day,7,100,0.001,50.4,nextclose_t1_t6_stride5_v2_20260905,chronological_90_10_label_availability_purge_v1_20260905,drift_full_l1_entry_fee_mark_to_market_v1_20260905,1.2160094626471518,0.1035911906012843,0.11703671507147524,0.1915330136221345,0.6110524387318985,0.18415694094418067,0.5625158089082483,127.7877679862874
DJIA30_2026,MASTER,Learned baseline,common fixed five-day,8,100,0.001,50.4,nextclose_t1_t6_stride5_v2_20260905,chronological_90_10_label_availability_purge_v1_20260905,drift_full_l1_entry_fee_mark_to_market_v1_20260905,1.192280744617489,0.09268449155550207,0.10693141122689263,0.19112944516292105,0.5594711538860117,0.20786670653200645,0.4458842548757605,131.30950245833753
DJIA30_2026,MASTER,Learned baseline,common fixed five-day,9,100,0.001,50.4,nextclose_t1_t6_stride5_v2_20260905,chronological_90_10_label_availability_purge_v1_20260905,drift_full_l1_entry_fee_mark_to_market_v1_20260905,1.2353520826554294,0.1124039924098319,0.1219668809035436,0.17525253864018756,0.6959492960838348,0.18805167763168074,0.5977292722162634,141.08169987417392
DJIA30_2026,MASTER,Learned baseline,common fixed five-day,10,100,0.001,50.4,nextclose_t1_t6_stride5_v2_20260905,chronological_90_10_label_availability_purge_v1_20260905,drift_full_l1_entry_fee_mark_to_market_v1_20260905,1.8689120277335434,0.3705055069174452,0.3363031175167608,0.20212064106069638,1.663873198461555,0.20817185359310997,1.7798059657076912,134.93832152127618
DJIA30_2026,DeepTrader,Learned baseline,common fixed five-day,1,100,0.001,50.4,nextclose_t1_t6_stride5_v2_20260905,chronological_90_10_label_availability_purge_v1_20260905,drift_full_l1_entry_fee_mark_to_market_v1_20260905,1.4371832551252108,0.2005662290852721,0.19823118142210977,0.17412457125005096,1.1384446204174172,0.21530353646357114,0.9315510203856194,96.80503366576022
DJIA30_2026,DeepTrader,Learned baseline,common fixed five-day,2,100,0.001,50.4,nextclose_t1_t6_stride5_v2_20260905,chronological_90_10_label_availability_purge_v1_20260905,drift_full_l1_entry_fee_mark_to_market_v1_20260905,1.0405995820531824,0.02026023018581924,0.034911251625792686,0.17330560955052168,0.20144328689842803,0.24402534563496636,0.0830251059909416,118.51779121498113
DJIA30_2026,DeepTrader,Learned baseline,common fixed five-day,3,100,0.001,50.4,nextclose_t1_t6_stride5_v2_20260905,chronological_90_10_label_availability_purge_v1_20260905,drift_full_l1_entry_fee_mark_to_market_v1_20260905,1.2322740993996344,0.11100621768372965,0.12723913560088487,0.2103801561232209,0.6048057856101227,0.248230826356863,0.4471894942014344,86.7969599127576
DJIA30_2026,DeepTrader,Learned baseline,common fixed five-day,4,100,0.001,50.4,nextclose_t1_t6_stride5_v2_20260905,chronological_90_10_label_availability_purge_v1_20260905,drift_full_l1_entry_fee_mark_to_market_v1_20260905,1.3955263878393613,0.18289985531782071,0.1894485739716985,0.20654626932781092,0.917220991636617,0.24949359537717253,0.7330843705279144,51.13584595065256
DJIA30_2026,DeepTrader,Learned baseline,common fixed five-day,5,100,0.001,50.4,nextclose_t1_t6_stride5_v2_20260905,chronological_90_10_label_availability_purge_v1_20260905,drift_full_l1_entry_fee_mark_to_market_v1_20260905,1.2307964227304302,0.11033455946390558,0.12369722105045752,0.1959624240806655,0.631229286077514,0.20923857206461594,0.5273146264343299,92.08804139829736
DJIA30_2026,DeepTrader,Learned baseline,common fixed five-day,6,100,0.001,50.4,nextclose_t1_t6_stride5_v2_20260905,chronological_90_10_label_availability_purge_v1_20260905,drift_full_l1_entry_fee_mark_to_market_v1_20260905,1.386747523322163,0.17914357535603376,0.18124029458090335,0.17766430405759415,1.020127794056762,0.20974717495668238,0.8540929115876341,134.95903041637106
DJIA30_2026,DeepTrader,Learned baseline,common fixed five-day,7,100,0.001,50.4,nextclose_t1_t6_stride5_v2_20260905,chronological_90_10_label_availability_purge_v1_20260905,drift_full_l1_entry_fee_mark_to_market_v1_20260905,1.2989330793653115,0.14090040834861828,0.15263890574775205,0.20399443039816564,0.7482503588447217,0.1772889659544188,0.7947500149831318,63.524620141030354
DJIA30_2026,DeepTrader,Learned baseline,common fixed five-day,8,100,0.001,50.4,nextclose_t1_t6_stride5_v2_20260905,chronological_90_10_label_availability_purge_v1_20260905,drift_full_l1_entry_fee_mark_to_market_v1_20260905,1.7166021863821779,0.3130265545392441,0.29775080283026,0.22362839223822178,1.3314534878606952,0.19841013350235226,1.5776742297062816,51.0716923339909
DJIA30_2026,DeepTrader,Learned baseline,common fixed five-day,9,100,0.001,50.4,nextclose_t1_t6_stride5_v2_20260905,chronological_90_10_label_availability_purge_v1_20260905,drift_full_l1_entry_fee_mark_to_market_v1_20260905,1.6763132437336659,0.29740333151906095,0.28687350930870126,0.22814658688294237,1.2574087266792666,0.23227272965435597,1.2804057194386338,13.346729790184337
DJIA30_2026,DeepTrader,Learned baseline,common fixed five-day,10,100,0.001,50.4,nextclose_t1_t6_stride5_v2_20260905,chronological_90_10_label_availability_purge_v1_20260905,drift_full_l1_entry_fee_mark_to_market_v1_20260905,1.7235833220804841,0.3157151354558907,0.29863913930908403,0.21879015678823002,1.3649569235335433,0.23278322731470424,1.3562623866756052,46.73142339140925
DJIA30_2026,Buy-and-Hold Equal Weight,Classical baseline,common fixed five-day,deterministic,100,0.001,50.4,nextclose_t1_t6_stride5_v2_20260905,chronological_90_10_label_availability_purge_v1_20260905,drift_full_l1_entry_fee_mark_to_market_v1_20260905,1.4705378630943748,0.21452933904688032,0.2043123819109962,0.13827121762825983,1.4776204723985804,0.15206653127006986,1.4107597329610724,1.0000000000000113
DJIA30_2026,Equal-Weight Rebalanced,Classical baseline,common fixed five-day,deterministic,100,0.001,50.4,nextclose_t1_t6_stride5_v2_20260905,chronological_90_10_label_availability_purge_v1_20260905,drift_full_l1_entry_fee_mark_to_market_v1_20260905,1.4366654810916077,0.20034821548562176,0.19196300850363232,0.1339837258489181,1.4327337688764714,0.13569997525302135,1.4764056891835065,3.3438779479808933
DJIA30_2026,Momentum-15 Top-5 Equal Weight,Classical baseline,common fixed five-day,deterministic,100,0.001,50.4,nextclose_t1_t6_stride5_v2_20260905,chronological_90_10_label_availability_purge_v1_20260905,drift_full_l1_entry_fee_mark_to_market_v1_20260905,1.2364719914746287,0.11291213708782877,0.12184824229223153,0.1718360523080576,0.7090959123862386,0.22430674118403637,0.5033827182001099,97.19468220787563
DJIA30_2026,Volatility-Scaled Momentum-15 Top-5,Classical baseline,common fixed five-day,deterministic,100,0.001,50.4,nextclose_t1_t6_stride5_v2_20260905,chronological_90_10_label_availability_purge_v1_20260905,drift_full_l1_entry_fee_mark_to_market_v1_20260905,1.2632730198423257,0.12500537994628358,0.13111343303468603,0.16310490429890884,0.8038595381191317,0.18289959222754215,0.6834645087167094,110.58868732808763
DJIA30_2026,Minimum Variance (15-day shrinkage),Classical baseline,common fixed five-day,deterministic,100,0.001,50.4,nextclose_t1_t6_stride5_v2_20260905,chronological_90_10_label_availability_purge_v1_20260905,drift_full_l1_entry_fee_mark_to_market_v1_20260905,1.09015101014793,0.04446352349071625,0.05192860924360044,0.12995015081864025,0.39960407061068004,0.16071697403029184,0.2766572962127559,77.30206142530932
SP500_TOP50_EX_PLTR_2026,Proposed Feedback + Reliability-policy,Proposed headline,common fixed five-day,1,99,0.001,50.4,nextclose_t1_t6_stride5_v2_20260905,chronological_90_10_label_availability_purge_v1_20260905,drift_full_l1_entry_fee_mark_to_market_v1_20260905,1.5306278518131464,0.2419823917227666,0.2710172372067038,0.3318495816794093,0.8166869936528232,0.33574142659502115,0.7207403452617457,47.63713833680053
SP500_TOP50_EX_PLTR_2026,Proposed Feedback + Reliability-policy,Proposed headline,common fixed five-day,2,99,0.001,50.4,nextclose_t1_t6_stride5_v2_20260905,chronological_90_10_label_availability_purge_v1_20260905,drift_full_l1_entry_fee_mark_to_market_v1_20260905,1.774140302599849,0.3389288757667821,0.3449456083758826,0.32478045814406764,1.0620885577508177,0.3731390772870049,0.9083178267766644,42.33929144625398
SP500_TOP50_EX_PLTR_2026,Proposed Feedback + Reliability-policy,Proposed headline,common fixed five-day,3,99,0.001,50.4,nextclose_t1_t6_stride5_v2_20260905,chronological_90_10_label_availability_purge_v1_20260905,drift_full_l1_entry_fee_mark_to_market_v1_20260905,2.172929351913482,0.48452273877338303,0.49774998837375173,0.45827574953611716,1.0861364339649038,0.42217720441571227,1.1476762215145087,43.29490642019929
SP500_TOP50_EX_PLTR_2026,Proposed Feedback + Reliability-policy,Proposed headline,common fixed five-day,4,99,0.001,50.4,nextclose_t1_t6_stride5_v2_20260905,chronological_90_10_label_availability_purge_v1_20260905,drift_full_l1_entry_fee_mark_to_market_v1_20260905,2.1652832154296866,0.48186106862049427,0.5359811321798295,0.5484897386275249,0.9771944567659634,0.4626482127212167,1.0415280019915583,17.575844933903532
SP500_TOP50_EX_PLTR_2026,Proposed Feedback + Reliability-policy,Proposed headline,common fixed five-day,5,99,0.001,50.4,nextclose_t1_t6_stride5_v2_20260905,chronological_90_10_label_availability_purge_v1_20260905,drift_full_l1_entry_fee_mark_to_market_v1_20260905,1.8617909496294713,0.37220619229732765,0.4279207863575658,0.486173326086713,0.8801815389625934,0.3785730157986755,0.983182046169044,50.656474856389416
SP500_TOP50_EX_PLTR_2026,Proposed Feedback + Reliability-policy,Proposed headline,common fixed five-day,6,99,0.001,50.4,nextclose_t1_t6_stride5_v2_20260905,chronological_90_10_label_availability_purge_v1_20260905,drift_full_l1_entry_fee_mark_to_market_v1_20260905,1.8868142570892048,0.38156462068569463,0.40769144573066624,0.41594665865590824,0.9801531933158979,0.42771471624362367,0.8921007535975399,26.72314823133435
SP500_TOP50_EX_PLTR_2026,Proposed Feedback + Reliability-policy,Proposed headline,common fixed five-day,7,99,0.001,50.4,nextclose_t1_t6_stride5_v2_20260905,chronological_90_10_label_availability_purge_v1_20260905,drift_full_l1_entry_fee_mark_to_market_v1_20260905,2.650579596013933,0.6425514366776359,0.5643786319978069,0.36631988422038236,1.5406715723306739,0.38619213491468296,1.6638128500974976,31.51674009879042
SP500_TOP50_EX_PLTR_2026,Proposed Feedback + Reliability-policy,Proposed headline,common fixed five-day,8,99,0.001,50.4,nextclose_t1_t6_stride5_v2_20260905,chronological_90_10_label_availability_purge_v1_20260905,drift_full_l1_entry_fee_mark_to_market_v1_20260905,1.8384951927049598,0.3634381880779425,0.3889340951776907,0.40340764855480166,0.9641217675744074,0.35101442811743633,1.0353938726312117,48.43538164698413
SP500_TOP50_EX_PLTR_2026,Proposed Feedback + Reliability-policy,Proposed headline,common fixed five-day,9,99,0.001,50.4,nextclose_t1_t6_stride5_v2_20260905,chronological_90_10_label_availability_purge_v1_20260905,drift_full_l1_entry_fee_mark_to_market_v1_20260905,1.8278487221852455,0.35941294049136596,0.341338865693808,0.2596544174154848,1.3145890953498252,0.21414125507675963,1.6783918650450294,33.403219958876115
SP500_TOP50_EX_PLTR_2026,Proposed Feedback + Reliability-policy,Proposed headline,common fixed five-day,10,99,0.001,50.4,nextclose_t1_t6_stride5_v2_20260905,chronological_90_10_label_availability_purge_v1_20260905,drift_full_l1_entry_fee_mark_to_market_v1_20260905,2.1159282342428285,0.46456808575294484,0.44430636705947674,0.3548551093314685,1.252078257789582,0.26726972465298526,1.7381994401203715,45.729624513486336
SP500_TOP50_EX_PLTR_2026,Proposed Feedback + Equal-policy,M3 composition control,common fixed five-day,1,99,0.001,50.4,nextclose_t1_t6_stride5_v2_20260905,chronological_90_10_label_availability_purge_v1_20260905,drift_full_l1_entry_fee_mark_to_market_v1_20260905,1.410186602777547,0.1912292591225102,0.2217755722259957,0.3077326939012569,0.7206760172747764,0.3328449015707158,0.5745296329313967,46.96693775933349
SP500_TOP50_EX_PLTR_2026,Proposed Feedback + Equal-policy,M3 composition control,common fixed five-day,2,99,0.001,50.4,nextclose_t1_t6_stride5_v2_20260905,chronological_90_10_label_availability_purge_v1_20260905,drift_full_l1_entry_fee_mark_to_market_v1_20260905,1.70000117356799,0.31014572327184475,0.3101430319317193,0.2806127080121395,1.105235162472764,0.33874614352968657,0.9155697539171088,39.37929327478277
SP500_TOP50_EX_PLTR_2026,Proposed Feedback + Equal-policy,M3 composition control,common fixed five-day,3,99,0.001,50.4,nextclose_t1_t6_stride5_v2_20260905,chronological_90_10_label_availability_purge_v1_20260905,drift_full_l1_entry_fee_mark_to_market_v1_20260905,2.147876189081355,0.4757843060689335,0.4850969883762099,0.4419127348971963,1.0977212242798564,0.41511897253138563,1.1461396311703416,43.74870562261502
SP500_TOP50_EX_PLTR_2026,Proposed Feedback + Equal-policy,M3 composition control,common fixed five-day,4,99,0.001,50.4,nextclose_t1_t6_stride5_v2_20260905,chronological_90_10_label_availability_purge_v1_20260905,drift_full_l1_entry_fee_mark_to_market_v1_20260905,2.0965956163312667,0.4577404246189549,0.5089784279101056,0.5264968005984897,0.9667265353398724,0.45607365283034373,1.0036546110003666,17.828127944825365
SP500_TOP50_EX_PLTR_2026,Proposed Feedback + Equal-policy,M3 composition control,common fixed five-day,5,99,0.001,50.4,nextclose_t1_t6_stride5_v2_20260905,chronological_90_10_label_availability_purge_v1_20260905,drift_full_l1_entry_fee_mark_to_market_v1_20260905,1.8517851406913743,0.3684468656731581,0.40416090102369184,0.4349887931134986,0.9291294567173757,0.36110538161114314,1.0203305861276823,50.72458235113378
SP500_TOP50_EX_PLTR_2026,Proposed Feedback + Equal-policy,M3 composition control,common fixed five-day,6,99,0.001,50.4,nextclose_t1_t6_stride5_v2_20260905,chronological_90_10_label_availability_purge_v1_20260905,drift_full_l1_entry_fee_mark_to_market_v1_20260905,1.8135372094727709,0.3539838243540938,0.377381398059848,0.38903711614445163,0.9700395730872223,0.410665917135552,0.861975171504801,27.790079221655702
SP500_TOP50_EX_PLTR_2026,Proposed Feedback + Equal-policy,M3 composition control,common fixed five-day,7,99,0.001,50.4,nextclose_t1_t6_stride5_v2_20260905,chronological_90_10_label_availability_purge_v1_20260905,drift_full_l1_entry_fee_mark_to_market_v1_20260905,2.5125365454157262,0.5984298419401208,0.5270706929311026,0.33673960329621716,1.5652174195485358,0.37443507804531684,1.5982205648683763,35.62137504530229
SP500_TOP50_EX_PLTR_2026,Proposed Feedback + Equal-policy,M3 composition control,common fixed five-day,8,99,0.001,50.4,nextclose_t1_t6_stride5_v2_20260905,chronological_90_10_label_availability_purge_v1_20260905,drift_full_l1_entry_fee_mark_to_market_v1_20260905,1.8105290318215577,0.35283999099620234,0.37079491033883255,0.37359686612606857,0.9925000554306296,0.35049206074405204,1.0066989541707905,41.78484612881847
SP500_TOP50_EX_PLTR_2026,Proposed Feedback + Equal-policy,M3 composition control,common fixed five-day,9,99,0.001,50.4,nextclose_t1_t6_stride5_v2_20260905,chronological_90_10_label_availability_purge_v1_20260905,drift_full_l1_entry_fee_mark_to_market_v1_20260905,1.7658493605880394,0.3357397782317977,0.3173449075752264,0.23341561921658482,1.359570146335255,0.21140515557662154,1.5881342974633008,37.54642200992972
SP500_TOP50_EX_PLTR_2026,Proposed Feedback + Equal-policy,M3 composition control,common fixed five-day,10,99,0.001,50.4,nextclose_t1_t6_stride5_v2_20260905,chronological_90_10_label_availability_purge_v1_20260905,drift_full_l1_entry_fee_mark_to_market_v1_20260905,2.0091701459950633,0.4264713570424401,0.40892730577631,0.327622910631477,1.248164559029534,0.2449326382051602,1.7411781466429952,43.672267118307474
SP500_TOP50_EX_PLTR_2026,Proposed Feedback + Profit-score,M3 composition control,common fixed five-day,1,99,0.001,50.4,nextclose_t1_t6_stride5_v2_20260905,chronological_90_10_label_availability_purge_v1_20260905,drift_full_l1_entry_fee_mark_to_market_v1_20260905,2.4603745682285116,0.5814489282980939,0.648953819070196,0.6324326738734837,1.0261231683295624,0.46778378121883823,1.242986507106113,30.946308307988993
SP500_TOP50_EX_PLTR_2026,Proposed Feedback + Profit-score,M3 composition control,common fixed five-day,2,99,0.001,50.4,nextclose_t1_t6_stride5_v2_20260905,chronological_90_10_label_availability_purge_v1_20260905,drift_full_l1_entry_fee_mark_to_market_v1_20260905,1.6434391017936087,0.28776970610735386,0.3523361971804546,0.44355096186518894,0.794353360657444,0.284756435792727,1.010581921726328,75.24783424574571
SP500_TOP50_EX_PLTR_2026,Proposed Feedback + Profit-score,M3 composition control,common fixed five-day,3,99,0.001,50.4,nextclose_t1_t6_stride5_v2_20260905,chronological_90_10_label_availability_purge_v1_20260905,drift_full_l1_entry_fee_mark_to_market_v1_20260905,4.749000833945783,1.2103042178199281,0.9103913629309671,0.4817208011460612,1.8898734718639023,0.33114028673520346,3.6549591405884985,34.607186572130274
SP500_TOP50_EX_PLTR_2026,Proposed Feedback + Profit-score,M3 composition control,common fixed five-day,4,99,0.001,50.4,nextclose_t1_t6_stride5_v2_20260905,chronological_90_10_label_availability_purge_v1_20260905,drift_full_l1_entry_fee_mark_to_market_v1_20260905,1.8577581318393255,0.37069220059702324,0.5552996771873884,0.7183626925880358,0.7730073999066093,0.565523203788568,0.6554853949646491,8.072140879510469
SP500_TOP50_EX_PLTR_2026,Proposed Feedback + Profit-score,M3 composition control,common fixed five-day,5,99,0.001,50.4,nextclose_t1_t6_stride5_v2_20260905,chronological_90_10_label_availability_purge_v1_20260905,drift_full_l1_entry_fee_mark_to_market_v1_20260905,1.723847359918908,0.31946961362991866,0.4966460196519896,0.6893646639068597,0.7204402048073234,0.5376567004037588,0.5941888446475413,13.10177010001609
SP500_TOP50_EX_PLTR_2026,Proposed Feedback + Profit-score,M3 composition control,common fixed five-day,6,99,0.001,50.4,nextclose_t1_t6_stride5_v2_20260905,chronological_90_10_label_availability_purge_v1_20260905,drift_full_l1_entry_fee_mark_to_market_v1_20260905,2.121638472877797,0.4665788948588374,0.6211844373905395,0.7204213564990116,0.8622515584619426,0.5462071222105143,0.8542160581330039,8.219166740741349
SP500_TOP50_EX_PLTR_2026,Proposed Feedback + Profit-score,M3 composition control,common fixed five-day,7,99,0.001,50.4,nextclose_t1_t6_stride5_v2_20260905,chronological_90_10_label_availability_purge_v1_20260905,drift_full_l1_entry_fee_mark_to_market_v1_20260905,1.4712881345469457,0.2172320842020985,0.29512960840208724,0.4426614574013354,0.6667162985787362,0.49077397987703963,0.4426316249621152,105.8021510803755
SP500_TOP50_EX_PLTR_2026,Proposed Feedback + Profit-score,M3 composition control,common fixed five-day,8,99,0.001,50.4,nextclose_t1_t6_stride5_v2_20260905,chronological_90_10_label_availability_purge_v1_20260905,drift_full_l1_entry_fee_mark_to_market_v1_20260905,2.5139364225789462,0.5988831642384502,0.6660767401772417,0.6500066160944836,1.0247230161737648,0.47178301246946963,1.269403832714739,71.86105930582195
SP500_TOP50_EX_PLTR_2026,Proposed Feedback + Profit-score,M3 composition control,common fixed five-day,9,99,0.001,50.4,nextclose_t1_t6_stride5_v2_20260905,chronological_90_10_label_availability_purge_v1_20260905,drift_full_l1_entry_fee_mark_to_market_v1_20260905,3.7315600677796725,0.9549885693086448,0.756630202781891,0.4097941257764178,1.846366639219972,0.2026719975579686,4.71199070821561,56.880207853289654
SP500_TOP50_EX_PLTR_2026,Proposed Feedback + Profit-score,M3 composition control,common fixed five-day,10,99,0.001,50.4,nextclose_t1_t6_stride5_v2_20260905,chronological_90_10_label_availability_purge_v1_20260905,drift_full_l1_entry_fee_mark_to_market_v1_20260905,2.5347502135504625,0.6056087345254533,0.6947701363028126,0.6922793631133805,1.003597930722982,0.48969571273170653,1.2367041793099236,35.6410696542693
SP500_TOP50_EX_PLTR_2026,Proposed Feedback J=1,M3 learner-count control,common fixed five-day,1,99,0.001,50.4,nextclose_t1_t6_stride5_v2_20260905,chronological_90_10_label_availability_purge_v1_20260905,drift_full_l1_entry_fee_mark_to_market_v1_20260905,2.0320329996484743,0.4347120593877909,0.43695511241031393,0.3962041382269176,1.1028534794355356,0.3600206984311737,1.2074640743770908,52.12486732595964
SP500_TOP50_EX_PLTR_2026,Proposed Feedback J=1,M3 learner-count control,common fixed five-day,2,99,0.001,50.4,nextclose_t1_t6_stride5_v2_20260905,chronological_90_10_label_availability_purge_v1_20260905,drift_full_l1_entry_fee_mark_to_market_v1_20260905,1.6020184966063464,0.271142902526351,0.2833271670396536,0.2932793486283711,0.9660658630235558,0.30205344745658314,0.8976653132400509,45.2061557073212
SP500_TOP50_EX_PLTR_2026,Proposed Feedback J=1,M3 learner-count control,common fixed five-day,3,99,0.001,50.4,nextclose_t1_t6_stride5_v2_20260905,chronological_90_10_label_availability_purge_v1_20260905,drift_full_l1_entry_fee_mark_to_market_v1_20260905,0.9529280864329305,-0.0242474357917003,0.0889027100589692,0.483142936059819,0.18400912736921804,0.4485031655130721,-0.05406302041137674,83.19041186291622
SP500_TOP50_EX_PLTR_2026,Proposed Feedback J=1,M3 learner-count control,common fixed five-day,4,99,0.001,50.4,nextclose_t1_t6_stride5_v2_20260905,chronological_90_10_label_availability_purge_v1_20260905,drift_full_l1_entry_fee_mark_to_market_v1_20260905,2.082325825372454,0.45268094481237164,0.6189091459209879,0.7290552961010157,0.848919347038436,0.5061930658379318,0.8942851559276532,5.089521405069206
SP500_TOP50_EX_PLTR_2026,Proposed Feedback J=1,M3 learner-count control,common fixed five-day,5,99,0.001,50.4,nextclose_t1_t6_stride5_v2_20260905,chronological_90_10_label_availability_purge_v1_20260905,drift_full_l1_entry_fee_mark_to_market_v1_20260905,1.8119576702091702,0.35338333453517246,0.5165526755397803,0.6832399293866694,0.7560340860105749,0.5336524984652065,0.6621974703604103,26.177275109392912
SP500_TOP50_EX_PLTR_2026,Proposed Feedback J=1,M3 learner-count control,common fixed five-day,6,99,0.001,50.4,nextclose_t1_t6_stride5_v2_20260905,chronological_90_10_label_availability_purge_v1_20260905,drift_full_l1_entry_fee_mark_to_market_v1_20260905,2.1956624428119484,0.4924092364478405,0.4874003017768732,0.42235486578711245,1.1540065979079943,0.34861998085162993,1.41245270923644,47.440190167275205
SP500_TOP50_EX_PLTR_2026,Proposed Feedback J=1,M3 learner-count control,common fixed five-day,7,99,0.001,50.4,nextclose_t1_t6_stride5_v2_20260905,chronological_90_10_label_availability_purge_v1_20260905,drift_full_l1_entry_fee_mark_to_market_v1_20260905,3.243787904932054,0.8204223397931543,0.7412352691258853,0.5418765062790744,1.367904422016293,0.34703706877572704,2.3640769635573218,2.9469041704957704
SP500_TOP50_EX_PLTR_2026,Proposed Feedback J=1,M3 learner-count control,common fixed five-day,8,99,0.001,50.4,nextclose_t1_t6_stride5_v2_20260905,chronological_90_10_label_availability_purge_v1_20260905,drift_full_l1_entry_fee_mark_to_market_v1_20260905,1.4726742499916587,0.21781575774787698,0.2591506405428357,0.35284005962947546,0.7344705723465048,0.4700136527732206,0.4634243206823868,37.20315965670528
SP500_TOP50_EX_PLTR_2026,Proposed Feedback J=1,M3 learner-count control,common fixed five-day,9,99,0.001,50.4,nextclose_t1_t6_stride5_v2_20260905,chronological_90_10_label_availability_purge_v1_20260905,drift_full_l1_entry_fee_mark_to_market_v1_20260905,2.0316240828411063,0.4345650700786501,0.47496081165394693,0.4902848390414943,0.968744643588193,0.37742715956440975,1.151387914373156,15.865957586098752
SP500_TOP50_EX_PLTR_2026,Proposed Feedback J=1,M3 learner-count control,common fixed five-day,10,99,0.001,50.4,nextclose_t1_t6_stride5_v2_20260905,chronological_90_10_label_availability_purge_v1_20260905,drift_full_l1_entry_fee_mark_to_market_v1_20260905,2.3673018982761973,0.5507047923636057,0.5517357174315691,0.4842978654429132,1.1392487078731615,0.2856919011946517,1.9276177940668735,61.670389712949856
SP500_TOP50_EX_PLTR_2026,Proposed No-Sparse + Reliability-policy,M1 control,common fixed five-day,1,99,0.001,50.4,nextclose_t1_t6_stride5_v2_20260905,chronological_90_10_label_availability_purge_v1_20260905,drift_full_l1_entry_fee_mark_to_market_v1_20260905,1.185423709007429,0.09045659345837853,0.11222296451927266,0.22551618442623403,0.49762709849314873,0.2643112985062148,0.3422350613447257,165.1595799332376
SP500_TOP50_EX_PLTR_2026,Proposed No-Sparse + Reliability-policy,M1 control,common fixed five-day,2,99,0.001,50.4,nextclose_t1_t6_stride5_v2_20260905,chronological_90_10_label_availability_purge_v1_20260905,drift_full_l1_entry_fee_mark_to_market_v1_20260905,1.8167760252213385,0.3552143150643776,0.3592505546634042,0.33758661070979384,1.0641729952146526,0.3642551580095972,0.9751799178503839,144.55939910798523
SP500_TOP50_EX_PLTR_2026,Proposed No-Sparse + Reliability-policy,M1 control,common fixed five-day,3,99,0.001,50.4,nextclose_t1_t6_stride5_v2_20260905,chronological_90_10_label_availability_purge_v1_20260905,drift_full_l1_entry_fee_mark_to_market_v1_20260905,1.2819227953435521,0.13477954185826557,0.14861892930824036,0.21095311510934378,0.7045116600018274,0.18592317451036244,0.7249206141903177,159.69009087303616
SP500_TOP50_EX_PLTR_2026,Proposed No-Sparse + Reliability-policy,M1 control,common fixed five-day,4,99,0.001,50.4,nextclose_t1_t6_stride5_v2_20260905,chronological_90_10_label_availability_purge_v1_20260905,drift_full_l1_entry_fee_mark_to_market_v1_20260905,1.405341614197025,0.18914393491890347,0.19887690465592822,0.22692973734108193,0.8763809758304638,0.17253870203793464,1.0962406270873533,170.13028544557156
SP500_TOP50_EX_PLTR_2026,Proposed No-Sparse + Reliability-policy,M1 control,common fixed five-day,5,99,0.001,50.4,nextclose_t1_t6_stride5_v2_20260905,chronological_90_10_label_availability_purge_v1_20260905,drift_full_l1_entry_fee_mark_to_market_v1_20260905,1.4940394657864573,0.22677846744520513,0.2393185235035731,0.266367536915813,0.8984522899245455,0.2911390667695398,0.7789352008355467,152.38364756094614
SP500_TOP50_EX_PLTR_2026,Proposed No-Sparse + Reliability-policy,M1 control,common fixed five-day,6,99,0.001,50.4,nextclose_t1_t6_stride5_v2_20260905,chronological_90_10_label_availability_purge_v1_20260905,drift_full_l1_entry_fee_mark_to_market_v1_20260905,1.4840679158131378,0.22260328613744584,0.24055320985469714,0.27659165180494855,0.8697052433973474,0.27371712553376604,0.813260353013554,161.41102726590537
SP500_TOP50_EX_PLTR_2026,Proposed No-Sparse + Reliability-policy,M1 control,common fixed five-day,7,99,0.001,50.4,nextclose_t1_t6_stride5_v2_20260905,chronological_90_10_label_availability_purge_v1_20260905,drift_full_l1_entry_fee_mark_to_market_v1_20260905,1.4207930729085765,0.1957821313298933,0.22638512825430926,0.3113651101353452,0.7270728828798559,0.1637964485878305,1.1952770222909415,164.49518410829015
SP500_TOP50_EX_PLTR_2026,Proposed No-Sparse + Reliability-policy,M1 control,common fixed five-day,8,99,0.001,50.4,nextclose_t1_t6_stride5_v2_20260905,chronological_90_10_label_availability_purge_v1_20260905,drift_full_l1_entry_fee_mark_to_market_v1_20260905,1.1386420675868134,0.06833196679098785,0.10003009538824732,0.2558250538287456,0.3910097697280637,0.3394979603542648,0.20127357089180656,167.4027407643199
SP500_TOP50_EX_PLTR_2026,Proposed No-Sparse + Reliability-policy,M1 control,common fixed five-day,9,99,0.001,50.4,nextclose_t1_t6_stride5_v2_20260905,chronological_90_10_label_availability_purge_v1_20260905,drift_full_l1_entry_fee_mark_to_market_v1_20260905,1.289775951916431,0.13831330698538746,0.15167485776356027,0.21134235032071566,0.7176737531942418,0.2421001521894015,0.5713061546412462,157.09308444184921
SP500_TOP50_EX_PLTR_2026,Proposed No-Sparse + Reliability-policy,M1 control,common fixed five-day,10,99,0.001,50.4,nextclose_t1_t6_stride5_v2_20260905,chronological_90_10_label_availability_purge_v1_20260905,drift_full_l1_entry_fee_mark_to_market_v1_20260905,1.4619481738953355,0.21329210099711005,0.23503345959306776,0.29000699801774177,0.8104406486725162,0.1904622267985554,1.1198656268085163,152.61828602053757
SP500_TOP50_EX_PLTR_2026,Proposed Fixed-5 + Reliability-policy,M2 control,common fixed five-day,1,99,0.001,50.4,nextclose_t1_t6_stride5_v2_20260905,chronological_90_10_label_availability_purge_v1_20260905,drift_full_l1_entry_fee_mark_to_market_v1_20260905,1.5586582321522333,0.25350978863893303,0.2507363565048635,0.22124098797338257,1.1333178304873122,0.24898346355608525,1.0181792196887332,37.68635252608163
SP500_TOP50_EX_PLTR_2026,Proposed Fixed-5 + Reliability-policy,M2 control,common fixed five-day,2,99,0.001,50.4,nextclose_t1_t6_stride5_v2_20260905,chronological_90_10_label_availability_purge_v1_20260905,drift_full_l1_entry_fee_mark_to_market_v1_20260905,1.734434173675623,0.32358876764437916,0.2986136261384695,0.18735667608163067,1.5938243161848396,0.21000250186812708,1.540880536021326,32.68593944391111
SP500_TOP50_EX_PLTR_2026,Proposed Fixed-5 + Reliability-policy,M2 control,common fixed five-day,3,99,0.001,50.4,nextclose_t1_t6_stride5_v2_20260905,chronological_90_10_label_availability_purge_v1_20260905,drift_full_l1_entry_fee_mark_to_market_v1_20260905,1.7782615178385694,0.3405113723314752,0.3262497749787106,0.25622214374979596,1.273308271502472,0.3006603594627425,1.1325449518517954,30.250913950933835
SP500_TOP50_EX_PLTR_2026,Proposed Fixed-5 + Reliability-policy,M2 control,common fixed five-day,4,99,0.001,50.4,nextclose_t1_t6_stride5_v2_20260905,chronological_90_10_label_availability_purge_v1_20260905,drift_full_l1_entry_fee_mark_to_market_v1_20260905,2.058549914220048,0.44421303061085293,0.40393724517296353,0.2665777233188232,1.51527006887166,0.26804564163250977,1.657229074516602,30.42264363175961
SP500_TOP50_EX_PLTR_2026,Proposed Fixed-5 + Reliability-policy,M2 control,common fixed five-day,5,99,0.001,50.4,nextclose_t1_t6_stride5_v2_20260905,chronological_90_10_label_availability_purge_v1_20260905,drift_full_l1_entry_fee_mark_to_market_v1_20260905,1.5501244034131962,0.2500111350740475,0.24948981868156042,0.22877072959570982,1.0905670455414727,0.25432805492659327,0.9830261751744542,31.238403745150055
SP500_TOP50_EX_PLTR_2026,Proposed Fixed-5 + Reliability-policy,M2 control,common fixed five-day,6,99,0.001,50.4,nextclose_t1_t6_stride5_v2_20260905,chronological_90_10_label_availability_purge_v1_20260905,drift_full_l1_entry_fee_mark_to_market_v1_20260905,1.6538935075021208,0.29193362994821004,0.2812942695656779,0.22242021971329087,1.2646973819569018,0.2546153312254481,1.1465673671068872,28.622035227617822
SP500_TOP50_EX_PLTR_2026,Proposed Fixed-5 + Reliability-policy,M2 control,common fixed five-day,7,99,0.001,50.4,nextclose_t1_t6_stride5_v2_20260905,chronological_90_10_label_availability_purge_v1_20260905,drift_full_l1_entry_fee_mark_to_market_v1_20260905,1.7938375141980065,0.3464761653703907,0.318368867238968,0.1996326625803171,1.5947734359896164,0.2202581172552014,1.5730460683496499,49.62798866174182
SP500_TOP50_EX_PLTR_2026,Proposed Fixed-5 + Reliability-policy,M2 control,common fixed five-day,8,99,0.001,50.4,nextclose_t1_t6_stride5_v2_20260905,chronological_90_10_label_availability_purge_v1_20260905,drift_full_l1_entry_fee_mark_to_market_v1_20260905,1.7908764132582642,0.34534418161240765,0.3253777973358855,0.23603571271400858,1.3785108769965153,0.2546037529287486,1.356398629791812,38.595359426737474
SP500_TOP50_EX_PLTR_2026,Proposed Fixed-5 + Reliability-policy,M2 control,common fixed five-day,9,99,0.001,50.4,nextclose_t1_t6_stride5_v2_20260905,chronological_90_10_label_availability_purge_v1_20260905,drift_full_l1_entry_fee_mark_to_market_v1_20260905,1.8254411945637046,0.35850110131763246,0.33251289704213344,0.22543123295533518,1.47500811082382,0.2328229705795536,1.5398012508183154,34.44924611520985
SP500_TOP50_EX_PLTR_2026,Proposed Fixed-5 + Reliability-policy,M2 control,common fixed five-day,10,99,0.001,50.4,nextclose_t1_t6_stride5_v2_20260905,chronological_90_10_label_availability_purge_v1_20260905,drift_full_l1_entry_fee_mark_to_market_v1_20260905,1.696791466946967,0.30888583372937317,0.29838131702153764,0.24007475355995464,1.2428683674438175,0.25383691598714564,1.2168672650632708,31.94095401798737
SP500_TOP50_EX_PLTR_2026,Standard + Equal-policy,M3 training control,common fixed five-day,1,99,0.001,50.4,nextclose_t1_t6_stride5_v2_20260905,chronological_90_10_label_availability_purge_v1_20260905,drift_full_l1_entry_fee_mark_to_market_v1_20260905,1.5461708233550888,0.24838706281241207,0.23573991990971746,0.16311625929786291,1.4452263736580553,0.1897085187898545,1.3093089566924374,58.731954577846395
SP500_TOP50_EX_PLTR_2026,Standard + Equal-policy,M3 training control,common fixed five-day,2,99,0.001,50.4,nextclose_t1_t6_stride5_v2_20260905,chronological_90_10_label_availability_purge_v1_20260905,drift_full_l1_entry_fee_mark_to_market_v1_20260905,1.4541007243753186,0.20997215802368685,0.21515656327334326,0.2203904990530334,0.9762515362405406,0.2560045496455283,0.8201891658348286,63.72547603229496
SP500_TOP50_EX_PLTR_2026,Standard + Equal-policy,M3 training control,common fixed five-day,3,99,0.001,50.4,nextclose_t1_t6_stride5_v2_20260905,chronological_90_10_label_availability_purge_v1_20260905,drift_full_l1_entry_fee_mark_to_market_v1_20260905,1.3641158891965015,0.17125526038253258,0.1704440765068354,0.15656982744287443,1.0886138107869034,0.12065217998782107,1.419412897469565,47.07314396762349
SP500_TOP50_EX_PLTR_2026,Standard + Equal-policy,M3 training control,common fixed five-day,4,99,0.001,50.4,nextclose_t1_t6_stride5_v2_20260905,chronological_90_10_label_availability_purge_v1_20260905,drift_full_l1_entry_fee_mark_to_market_v1_20260905,2.1801592764435096,0.4870352968483398,0.4186776876725427,0.20348870968012034,2.057498366030698,0.18184517954658264,2.6782964391067496,43.020607090806855
SP500_TOP50_EX_PLTR_2026,Standard + Equal-policy,M3 training control,common fixed five-day,5,99,0.001,50.4,nextclose_t1_t6_stride5_v2_20260905,chronological_90_10_label_availability_purge_v1_20260905,drift_full_l1_entry_fee_mark_to_market_v1_20260905,1.386565614611046,0.18102905084334808,0.17868875844080753,0.1549387083655916,1.153286743679156,0.1823834407863033,0.9925739423649642,50.49322851725294
SP500_TOP50_EX_PLTR_2026,Standard + Equal-policy,M3 training control,common fixed five-day,6,99,0.001,50.4,nextclose_t1_t6_stride5_v2_20260905,chronological_90_10_label_availability_purge_v1_20260905,drift_full_l1_entry_fee_mark_to_market_v1_20260905,1.7510339686011382,0.3300227033326901,0.3120958562168375,0.22884101033845147,1.363810864823808,0.23565691251282128,1.4004371856256699,47.07006982839015
SP500_TOP50_EX_PLTR_2026,Standard + Equal-policy,M3 training control,common fixed five-day,7,99,0.001,50.4,nextclose_t1_t6_stride5_v2_20260905,chronological_90_10_label_availability_purge_v1_20260905,drift_full_l1_entry_fee_mark_to_market_v1_20260905,1.7190316839149316,0.3175918051692501,0.3147701847404784,0.27987555705721023,1.1246790825543056,0.23351463870576594,1.3600509455401784,47.939841156508976
SP500_TOP50_EX_PLTR_2026,Standard + Equal-policy,M3 training control,common fixed five-day,8,99,0.001,50.4,nextclose_t1_t6_stride5_v2_20260905,chronological_90_10_label_availability_purge_v1_20260905,drift_full_l1_entry_fee_mark_to_market_v1_20260905,1.5352922021525877,0.24390773359518825,0.24087042477415072,0.2092180865495491,1.1512887281717177,0.24154870681081075,1.0097662571475705,59.27998263885381
SP500_TOP50_EX_PLTR_2026,Standard + Equal-policy,M3 training control,common fixed five-day,9,99,0.001,50.4,nextclose_t1_t6_stride5_v2_20260905,chronological_90_10_label_availability_purge_v1_20260905,drift_full_l1_entry_fee_mark_to_market_v1_20260905,1.551340640369442,0.25051033814889334,0.2417847278438029,0.18785552941189815,1.2870780466283631,0.21527426551143947,1.163679911083387,66.96550186100578
SP500_TOP50_EX_PLTR_2026,Standard + Equal-policy,M3 training control,common fixed five-day,10,99,0.001,50.4,nextclose_t1_t6_stride5_v2_20260905,chronological_90_10_label_availability_purge_v1_20260905,drift_full_l1_entry_fee_mark_to_market_v1_20260905,1.344042163416544,0.1624488078651598,0.16162382968416458,0.14681292984856825,1.1008828026991437,0.1648209903301383,0.9856075220745428,62.02796903832844
SP500_TOP50_EX_PLTR_2026,FinGAT,Learned baseline,common fixed five-day,1,99,0.001,50.4,nextclose_t1_t6_stride5_v2_20260905,chronological_90_10_label_availability_purge_v1_20260905,drift_full_l1_entry_fee_mark_to_market_v1_20260905,1.679383781040804,0.3020324109086825,0.2919436402418403,0.23399705659368158,1.24763808781056,0.2038031661452021,1.481980955553437,117.04404775926812
SP500_TOP50_EX_PLTR_2026,FinGAT,Learned baseline,common fixed five-day,2,99,0.001,50.4,nextclose_t1_t6_stride5_v2_20260905,chronological_90_10_label_availability_purge_v1_20260905,drift_full_l1_entry_fee_mark_to_market_v1_20260905,1.300385305667016,0.1430705751982555,0.1584762366069554,0.22194681862548016,0.7140279711527339,0.20438370035035536,0.7000097118948495,121.86473805702681
SP500_TOP50_EX_PLTR_2026,FinGAT,Learned baseline,common fixed five-day,3,99,0.001,50.4,nextclose_t1_t6_stride5_v2_20260905,chronological_90_10_label_availability_purge_v1_20260905,drift_full_l1_entry_fee_mark_to_market_v1_20260905,1.151358616239182,0.07438953092646461,0.10795011499631438,0.26927382731322536,0.40089345508779944,0.41658345756350135,0.17857053508929874,147.31634908165984
SP500_TOP50_EX_PLTR_2026,FinGAT,Learned baseline,common fixed five-day,4,99,0.001,50.4,nextclose_t1_t6_stride5_v2_20260905,chronological_90_10_label_availability_purge_v1_20260905,drift_full_l1_entry_fee_mark_to_market_v1_20260905,1.6367727910873167,0.2851077643954725,0.29241892866971086,0.28808211627709407,1.015054084053053,0.2944399348445851,0.968305350787289,169.75517869775223
SP500_TOP50_EX_PLTR_2026,FinGAT,Learned baseline,common fixed five-day,5,99,0.001,50.4,nextclose_t1_t6_stride5_v2_20260905,chronological_90_10_label_availability_purge_v1_20260905,drift_full_l1_entry_fee_mark_to_market_v1_20260905,1.12325410339075,0.060957281896469206,0.08848080886389616,0.24187243863736832,0.3658160035197422,0.22918357683369606,0.26597578560658397,134.3525733494638
SP500_TOP50_EX_PLTR_2026,FinGAT,Learned baseline,common fixed five-day,6,99,0.001,50.4,nextclose_t1_t6_stride5_v2_20260905,chronological_90_10_label_availability_purge_v1_20260905,drift_full_l1_entry_fee_mark_to_market_v1_20260905,1.5264331059336176,0.2402484309616122,0.24190782108046519,0.23117929446708474,1.0464078179584027,0.21186610932445749,1.1339634815952997,132.83054655401995
SP500_TOP50_EX_PLTR_2026,FinGAT,Learned baseline,common fixed five-day,7,99,0.001,50.4,nextclose_t1_t6_stride5_v2_20260905,chronological_90_10_label_availability_purge_v1_20260905,drift_full_l1_entry_fee_mark_to_market_v1_20260905,1.2372925752474233,0.11449175944156043,0.13670922925417783,0.23735190068827516,0.5759769728312568,0.24857426686838968,0.46059377297562065,152.76879309134947
SP500_TOP50_EX_PLTR_2026,FinGAT,Learned baseline,common fixed five-day,8,99,0.001,50.4,nextclose_t1_t6_stride5_v2_20260905,chronological_90_10_label_availability_purge_v1_20260905,drift_full_l1_entry_fee_mark_to_market_v1_20260905,1.8397377232751744,0.3639072210280725,0.33829296794111086,0.23466877293438218,1.4415764130479514,0.17335226383629787,2.09923546987377,140.72331389256294
SP500_TOP50_EX_PLTR_2026,FinGAT,Learned baseline,common fixed five-day,9,99,0.001,50.4,nextclose_t1_t6_stride5_v2_20260905,chronological_90_10_label_availability_purge_v1_20260905,drift_full_l1_entry_fee_mark_to_market_v1_20260905,1.2543934539989965,0.12230718179439193,0.13957456525047418,0.2200784457147283,0.6342037031259052,0.20900881806285687,0.5851771371560482,162.03641429343025
SP500_TOP50_EX_PLTR_2026,FinGAT,Learned baseline,common fixed five-day,10,99,0.001,50.4,nextclose_t1_t6_stride5_v2_20260905,chronological_90_10_label_availability_purge_v1_20260905,drift_full_l1_entry_fee_mark_to_market_v1_20260905,0.9857975191428253,-0.007255738858140459,0.023625604845408196,0.24864372057822032,0.09501790268608801,0.27059808131091345,-0.02681371140175867,126.09478003562975
SP500_TOP50_EX_PLTR_2026,GERU,Learned baseline,common fixed five-day,1,99,0.001,50.4,nextclose_t1_t6_stride5_v2_20260905,chronological_90_10_label_availability_purge_v1_20260905,drift_full_l1_entry_fee_mark_to_market_v1_20260905,1.0128203593940286,0.006506319830251295,0.031438545947682965,0.22558110545400853,0.13936692917790783,0.23254323341574223,0.027978968618791223,155.3088577296562
SP500_TOP50_EX_PLTR_2026,GERU,Learned baseline,common fixed five-day,2,99,0.001,50.4,nextclose_t1_t6_stride5_v2_20260905,chronological_90_10_label_availability_purge_v1_20260905,drift_full_l1_entry_fee_mark_to_market_v1_20260905,1.5846669754022105,0.26411510824899587,0.26175966865654676,0.23343663838712672,1.121330697979165,0.19883281180255608,1.3283275826288976,157.9265125164979
SP500_TOP50_EX_PLTR_2026,GERU,Learned baseline,common fixed five-day,3,99,0.001,50.4,nextclose_t1_t6_stride5_v2_20260905,chronological_90_10_label_availability_purge_v1_20260905,drift_full_l1_entry_fee_mark_to_market_v1_20260905,1.6311470761045612,0.2828572018798965,0.2780991206774309,0.24058258553720158,1.1559403605895162,0.20691775198408724,1.3670030684542198,132.02371763966198
SP500_TOP50_EX_PLTR_2026,GERU,Learned baseline,common fixed five-day,4,99,0.001,50.4,nextclose_t1_t6_stride5_v2_20260905,chronological_90_10_label_availability_purge_v1_20260905,drift_full_l1_entry_fee_mark_to_market_v1_20260905,1.5541589035162777,0.25166635316696717,0.24783428948805325,0.21416780792294288,1.1571967416187194,0.13233940254271181,1.9016736386258297,172.97346099093915
SP500_TOP50_EX_PLTR_2026,GERU,Learned baseline,common fixed five-day,5,99,0.001,50.4,nextclose_t1_t6_stride5_v2_20260905,chronological_90_10_label_availability_purge_v1_20260905,drift_full_l1_entry_fee_mark_to_market_v1_20260905,1.5925299432948328,0.26730446059826085,0.2634548650617848,0.23055680254608812,1.1426896198784695,0.17851555790348073,1.4973734711838744,108.28454522297828
SP500_TOP50_EX_PLTR_2026,GERU,Learned baseline,common fixed five-day,6,99,0.001,50.4,nextclose_t1_t6_stride5_v2_20260905,chronological_90_10_label_availability_purge_v1_20260905,drift_full_l1_entry_fee_mark_to_market_v1_20260905,1.610123895956356,0.2744129818581922,0.2702621337614499,0.23536125563074914,1.1482864205375232,0.19286396677365203,1.4228317837112998,130.31808873330482
SP500_TOP50_EX_PLTR_2026,GERU,Learned baseline,common fixed five-day,7,99,0.001,50.4,nextclose_t1_t6_stride5_v2_20260905,chronological_90_10_label_availability_purge_v1_20260905,drift_full_l1_entry_fee_mark_to_market_v1_20260905,1.2502207479923542,0.12040502578038925,0.1277861241315073,0.1668909055948865,0.7656865643817481,0.16618868799674313,0.7245079507622617,147.60189738775674
SP500_TOP50_EX_PLTR_2026,GERU,Learned baseline,common fixed five-day,8,99,0.001,50.4,nextclose_t1_t6_stride5_v2_20260905,chronological_90_10_label_availability_purge_v1_20260905,drift_full_l1_entry_fee_mark_to_market_v1_20260905,1.6032923811297806,0.27165738136235174,0.2580968447096499,0.18529083343520714,1.3929282950734942,0.21601542362700332,1.2575832632739508,168.36452855265532
SP500_TOP50_EX_PLTR_2026,GERU,Learned baseline,common fixed five-day,9,99,0.001,50.4,nextclose_t1_t6_stride5_v2_20260905,chronological_90_10_label_availability_purge_v1_20260905,drift_full_l1_entry_fee_mark_to_market_v1_20260905,1.670190204292528,0.2983988164596256,0.29289179392994824,0.25154001803432136,1.1643944220835059,0.18847524397662607,1.5832255216320708,157.70834665999283
SP500_TOP50_EX_PLTR_2026,GERU,Learned baseline,common fixed five-day,10,99,0.001,50.4,nextclose_t1_t6_stride5_v2_20260905,chronological_90_10_label_availability_purge_v1_20260905,drift_full_l1_entry_fee_mark_to_market_v1_20260905,1.2161579113402683,0.10475918438664089,0.12898072667552563,0.24565372121709145,0.5250509784117683,0.24042288030099446,0.43572884683641144,140.75821917944154
SP500_TOP50_EX_PLTR_2026,StockFormer v2,Learned baseline,common fixed five-day,1,99,0.001,50.4,nextclose_t1_t6_stride5_v2_20260905,chronological_90_10_label_availability_purge_v1_20260905,drift_full_l1_entry_fee_mark_to_market_v1_20260905,1.2783825956823038,0.13318304738711761,0.14717363176781653,0.2104838105426643,0.699215922537591,0.1972980051124391,0.675034941743163,179.17658284430007
SP500_TOP50_EX_PLTR_2026,StockFormer v2,Learned baseline,common fixed five-day,2,99,0.001,50.4,nextclose_t1_t6_stride5_v2_20260905,chronological_90_10_label_availability_purge_v1_20260905,drift_full_l1_entry_fee_mark_to_market_v1_20260905,1.4229465672623083,0.1967044878591362,0.1953158829411648,0.1761086485049304,1.1090646859157327,0.09959877486152247,1.9749689504978853,168.08867081656587
SP500_TOP50_EX_PLTR_2026,StockFormer v2,Learned baseline,common fixed five-day,3,99,0.001,50.4,nextclose_t1_t6_stride5_v2_20260905,chronological_90_10_label_availability_purge_v1_20260905,drift_full_l1_entry_fee_mark_to_market_v1_20260905,1.3842570712179985,0.18002759655448553,0.18318521037817087,0.18724753532346142,0.9783050551865846,0.1835265451331729,0.9809349182912563,173.355092004426
SP500_TOP50_EX_PLTR_2026,StockFormer v2,Learned baseline,common fixed five-day,4,99,0.001,50.4,nextclose_t1_t6_stride5_v2_20260905,chronological_90_10_label_availability_purge_v1_20260905,drift_full_l1_entry_fee_mark_to_market_v1_20260905,1.0875612512476827,0.04365812947939185,0.061116918705559124,0.19173185540500695,0.31876246425748145,0.22348681633929623,0.19534991009541414,163.85811892808692
SP500_TOP50_EX_PLTR_2026,StockFormer v2,Learned baseline,common fixed five-day,5,99,0.001,50.4,nextclose_t1_t6_stride5_v2_20260905,chronological_90_10_label_availability_purge_v1_20260905,drift_full_l1_entry_fee_mark_to_market_v1_20260905,1.3264406197069998,0.15467363665417588,0.162883273816355,0.1935358061774046,0.8416182877655624,0.25472615008716015,0.6072153824852725,175.40749600246653
SP500_TOP50_EX_PLTR_2026,StockFormer v2,Learned baseline,common fixed five-day,6,99,0.001,50.4,nextclose_t1_t6_stride5_v2_20260905,chronological_90_10_label_availability_purge_v1_20260905,drift_full_l1_entry_fee_mark_to_market_v1_20260905,1.7512450869260043,0.3301043376761874,0.300592214515948,0.1705664207630311,1.7623176541504757,0.18270696462107405,1.8067419507560032,174.47400713944916
SP500_TOP50_EX_PLTR_2026,StockFormer v2,Learned baseline,common fixed five-day,7,99,0.001,50.4,nextclose_t1_t6_stride5_v2_20260905,chronological_90_10_label_availability_purge_v1_20260905,drift_full_l1_entry_fee_mark_to_market_v1_20260905,1.1507774273360354,0.07411339836093633,0.0874168448824746,0.17950812427850724,0.48697988034707096,0.1886867639552401,0.3927853592238053,187.55809694293765
SP500_TOP50_EX_PLTR_2026,StockFormer v2,Learned baseline,common fixed five-day,8,99,0.001,50.4,nextclose_t1_t6_stride5_v2_20260905,chronological_90_10_label_availability_purge_v1_20260905,drift_full_l1_entry_fee_mark_to_market_v1_20260905,1.5876976789985844,0.26534533082627454,0.25442403345532005,0.1936328204535258,1.313950976179603,0.1920844608305874,1.3813992536351027,175.64054732839563
SP500_TOP50_EX_PLTR_2026,StockFormer v2,Learned baseline,common fixed five-day,9,99,0.001,50.4,nextclose_t1_t6_stride5_v2_20260905,chronological_90_10_label_availability_purge_v1_20260905,drift_full_l1_entry_fee_mark_to_market_v1_20260905,1.2585840238669257,0.12421435754691568,0.1324917542285016,0.1755106023978794,0.7548931655316478,0.1526394386878812,0.813776299327925,167.35697943306707
SP500_TOP50_EX_PLTR_2026,StockFormer v2,Learned baseline,common fixed five-day,10,99,0.001,50.4,nextclose_t1_t6_stride5_v2_20260905,chronological_90_10_label_availability_purge_v1_20260905,drift_full_l1_entry_fee_mark_to_market_v1_20260905,1.8176675087438803,0.3555528184013088,0.323608451980364,0.19385236052915955,1.6693552304290167,0.10952200940725954,3.2464051776038856,160.16926915626914
SP500_TOP50_EX_PLTR_2026,MASTER,Learned baseline,common fixed five-day,1,99,0.001,50.4,nextclose_t1_t6_stride5_v2_20260905,chronological_90_10_label_availability_purge_v1_20260905,drift_full_l1_entry_fee_mark_to_market_v1_20260905,1.641434476743021,0.28696979234196984,0.29258109434027463,0.2839785208674102,1.0302930427505148,0.24981712147284452,1.1487194738698638,128.3068268873074
SP500_TOP50_EX_PLTR_2026,MASTER,Learned baseline,common fixed five-day,2,99,0.001,50.4,nextclose_t1_t6_stride5_v2_20260905,chronological_90_10_label_availability_purge_v1_20260905,drift_full_l1_entry_fee_mark_to_market_v1_20260905,1.680896994349856,0.30262954424211763,0.299418962776801,0.26310087976952695,1.1380386224443197,0.29400976265479317,1.0293180114479574,136.43806613970708
SP500_TOP50_EX_PLTR_2026,MASTER,Learned baseline,common fixed five-day,3,99,0.001,50.4,nextclose_t1_t6_stride5_v2_20260905,chronological_90_10_label_availability_purge_v1_20260905,drift_full_l1_entry_fee_mark_to_market_v1_20260905,1.7868929884279983,0.3438199286001866,0.3341408472804699,0.2768958237793424,1.2067384864090471,0.27446174357180353,1.2527062027871942,126.87554361819414
SP500_TOP50_EX_PLTR_2026,MASTER,Learned baseline,common fixed five-day,4,99,0.001,50.4,nextclose_t1_t6_stride5_v2_20260905,chronological_90_10_label_availability_purge_v1_20260905,drift_full_l1_entry_fee_mark_to_market_v1_20260905,1.4592378697963113,0.21214647062489433,0.23160965177059853,0.27912486774093426,0.8297707533015787,0.2555651656348311,0.830107147419393,118.68980320145545
SP500_TOP50_EX_PLTR_2026,MASTER,Learned baseline,common fixed five-day,5,99,0.001,50.4,nextclose_t1_t6_stride5_v2_20260905,chronological_90_10_label_availability_purge_v1_20260905,drift_full_l1_entry_fee_mark_to_market_v1_20260905,1.6213315259540297,0.27892135582615496,0.2760609884854111,0.24436754250908146,1.1296958084159308,0.19517834479961071,1.4290589261453317,145.26442734420357
SP500_TOP50_EX_PLTR_2026,MASTER,Learned baseline,common fixed five-day,6,99,0.001,50.4,nextclose_t1_t6_stride5_v2_20260905,chronological_90_10_label_availability_purge_v1_20260905,drift_full_l1_entry_fee_mark_to_market_v1_20260905,1.7607984922332949,0.3337933659681185,0.3311327135714708,0.29390309093786443,1.1266731238341323,0.2869035552097643,1.1634340526873972,118.98893990431688
SP500_TOP50_EX_PLTR_2026,MASTER,Learned baseline,common fixed five-day,7,99,0.001,50.4,nextclose_t1_t6_stride5_v2_20260905,chronological_90_10_label_availability_purge_v1_20260905,drift_full_l1_entry_fee_mark_to_market_v1_20260905,1.9910028055773268,0.4198902309926056,0.38613153749041457,0.2649357231471671,1.4574536529221667,0.20946377281291573,2.0045959516237395,134.4259076943317
SP500_TOP50_EX_PLTR_2026,MASTER,Learned baseline,common fixed five-day,8,99,0.001,50.4,nextclose_t1_t6_stride5_v2_20260905,chronological_90_10_label_availability_purge_v1_20260905,drift_full_l1_entry_fee_mark_to_market_v1_20260905,1.5367326390251437,0.24450173396757102,0.26235969835861667,0.29690328176351444,0.8836537501380265,0.31263144086083283,0.7820765988677716,127.67139915302263
SP500_TOP50_EX_PLTR_2026,MASTER,Learned baseline,common fixed five-day,9,99,0.001,50.4,nextclose_t1_t6_stride5_v2_20260905,chronological_90_10_label_availability_purge_v1_20260905,drift_full_l1_entry_fee_mark_to_market_v1_20260905,1.8503707772135196,0.3679146653158303,0.3489684482948546,0.26610838083650495,1.3113771433950376,0.21163936810835693,1.7384037223521769,134.7434452645412
SP500_TOP50_EX_PLTR_2026,MASTER,Learned baseline,common fixed five-day,10,99,0.001,50.4,nextclose_t1_t6_stride5_v2_20260905,chronological_90_10_label_availability_purge_v1_20260905,drift_full_l1_entry_fee_mark_to_market_v1_20260905,1.8568058573803274,0.3703344643871689,0.35714551706876596,0.29079913148085035,1.228151938590933,0.2456242416817841,1.5077276650362215,133.8667326719695
SP500_TOP50_EX_PLTR_2026,DeepTrader,Learned baseline,common fixed five-day,1,99,0.001,50.4,nextclose_t1_t6_stride5_v2_20260905,chronological_90_10_label_availability_purge_v1_20260905,drift_full_l1_entry_fee_mark_to_market_v1_20260905,1.307242867997205,0.1461353957598095,0.16585275112082465,0.24475511066339856,0.6776273258249343,0.23531495404315417,0.6210204377109407,151.45403465329372
SP500_TOP50_EX_PLTR_2026,DeepTrader,Learned baseline,common fixed five-day,2,99,0.001,50.4,nextclose_t1_t6_stride5_v2_20260905,chronological_90_10_label_availability_purge_v1_20260905,drift_full_l1_entry_fee_mark_to_market_v1_20260905,1.576603843112126,0.26083648752786304,0.2697950864406847,0.27577753783022513,0.9783069664171729,0.31172565564451826,0.8367501448944338,102.21228330413584
SP500_TOP50_EX_PLTR_2026,DeepTrader,Learned baseline,common fixed five-day,3,99,0.001,50.4,nextclose_t1_t6_stride5_v2_20260905,chronological_90_10_label_availability_purge_v1_20260905,drift_full_l1_entry_fee_mark_to_market_v1_20260905,2.3649631547365666,0.5499246770953143,0.4869423154932741,0.30918065867453387,1.5749442982003126,0.3004482254238622,1.8303475626108265,96.38550524784013
SP500_TOP50_EX_PLTR_2026,DeepTrader,Learned baseline,common fixed five-day,4,99,0.001,50.4,nextclose_t1_t6_stride5_v2_20260905,chronological_90_10_label_availability_purge_v1_20260905,drift_full_l1_entry_fee_mark_to_market_v1_20260905,1.8333724929604858,0.3615028157246487,0.3553300370331134,0.30573300297318307,1.1622233569081866,0.29064011273150603,1.2438159768352615,25.57822155125929
SP500_TOP50_EX_PLTR_2026,DeepTrader,Learned baseline,common fixed five-day,5,99,0.001,50.4,nextclose_t1_t6_stride5_v2_20260905,chronological_90_10_label_availability_purge_v1_20260905,drift_full_l1_entry_fee_mark_to_market_v1_20260905,1.8630291541250341,0.372670713242202,0.3572336220179332,0.28438443767023713,1.2561644545126958,0.22123998409797307,1.6844636595036544,79.92819889176522
SP500_TOP50_EX_PLTR_2026,DeepTrader,Learned baseline,common fixed five-day,6,99,0.001,50.4,nextclose_t1_t6_stride5_v2_20260905,chronological_90_10_label_availability_purge_v1_20260905,drift_full_l1_entry_fee_mark_to_market_v1_20260905,1.9223629921313616,0.39475529998243397,0.38470619613521645,0.32195431042999695,1.194909288903165,0.35771655112510614,1.10354217254089,27.393353444299652
SP500_TOP50_EX_PLTR_2026,DeepTrader,Learned baseline,common fixed five-day,7,99,0.001,50.4,nextclose_t1_t6_stride5_v2_20260905,chronological_90_10_label_availability_purge_v1_20260905,drift_full_l1_entry_fee_mark_to_market_v1_20260905,1.9451466247637224,0.40314648110918827,0.3850125448227669,0.3044350028241251,1.2646789667783116,0.3165524306093558,1.2735535795228015,102.39362958860544
SP500_TOP50_EX_PLTR_2026,DeepTrader,Learned baseline,common fixed five-day,8,99,0.001,50.4,nextclose_t1_t6_stride5_v2_20260905,chronological_90_10_label_availability_purge_v1_20260905,drift_full_l1_entry_fee_mark_to_market_v1_20260905,1.6800075128768623,0.3022785754570523,0.29859971209316544,0.26331045367937733,1.134021486502615,0.20577874146430852,1.4689494809136117,141.01668144713688
SP500_TOP50_EX_PLTR_2026,DeepTrader,Learned baseline,common fixed five-day,9,99,0.001,50.4,nextclose_t1_t6_stride5_v2_20260905,chronological_90_10_label_availability_purge_v1_20260905,drift_full_l1_entry_fee_mark_to_market_v1_20260905,1.0062522695485703,0.0031781039633578256,0.02537281519497323,0.21090528000911432,0.12030431477996538,0.2820603646807335,0.011267460307495342,124.83642438369334
SP500_TOP50_EX_PLTR_2026,DeepTrader,Learned baseline,common fixed five-day,10,99,0.001,50.4,nextclose_t1_t6_stride5_v2_20260905,chronological_90_10_label_availability_purge_v1_20260905,drift_full_l1_entry_fee_mark_to_market_v1_20260905,2.1012490613666115,0.4593866869854859,0.4140488557679936,0.2664560026055215,1.5539107834661094,0.22522390136274606,2.0396888794035974,82.80250341781186
SP500_TOP50_EX_PLTR_2026,Buy-and-Hold Equal Weight,Classical baseline,common fixed five-day,deterministic,99,0.001,50.4,nextclose_t1_t6_stride5_v2_20260905,chronological_90_10_label_availability_purge_v1_20260905,drift_full_l1_entry_fee_mark_to_market_v1_20260905,1.6126062207533627,0.2754128450692388,0.2553948675778995,0.15166430502625028,1.6839484250014884,0.1775845520909619,1.5508828995900923,1.0000000000000084
SP500_TOP50_EX_PLTR_2026,Equal-Weight Rebalanced,Classical baseline,common fixed five-day,deterministic,99,0.001,50.4,nextclose_t1_t6_stride5_v2_20260905,chronological_90_10_label_availability_purge_v1_20260905,drift_full_l1_entry_fee_mark_to_market_v1_20260905,1.6071658755100857,0.2732205230725433,0.2526400301736661,0.14462241050007077,1.746894062269433,0.16463959117287108,1.6595068119773364,3.6036643294691966
SP500_TOP50_EX_PLTR_2026,Momentum-15 Top-5 Equal Weight,Classical baseline,common fixed five-day,deterministic,99,0.001,50.4,nextclose_t1_t6_stride5_v2_20260905,chronological_90_10_label_availability_purge_v1_20260905,drift_full_l1_entry_fee_mark_to_market_v1_20260905,1.2071483572143933,0.10058503293681254,0.11840359707007533,0.2129476810300293,0.5560220073651724,0.2857443128242467,0.352010620763184,106.11868197527606
SP500_TOP50_EX_PLTR_2026,Volatility-Scaled Momentum-15 Top-5,Classical baseline,common fixed five-day,deterministic,99,0.001,50.4,nextclose_t1_t6_stride5_v2_20260905,chronological_90_10_label_availability_purge_v1_20260905,drift_full_l1_entry_fee_mark_to_market_v1_20260905,1.1801352515090222,0.08797725683294377,0.10226415147584758,0.1897351197475913,0.5389837770250008,0.30605837490820953,0.28745253861891273,121.89225028113287
SP500_TOP50_EX_PLTR_2026,Minimum Variance (15-day shrinkage),Classical baseline,common fixed five-day,deterministic,99,0.001,50.4,nextclose_t1_t6_stride5_v2_20260905,chronological_90_10_label_availability_purge_v1_20260905,drift_full_l1_entry_fee_mark_to_market_v1_20260905,1.1517017022519151,0.0745525047090696,0.07967015321052506,0.1240299229706744,0.6423462282514055,0.1839974149631971,0.4051823484801756,84.54995150972364
TAIWAN50_0050_EX_LATE_HISTORY_2026_PREVCLOSE_ADJUSTED,Proposed Feedback + Reliability-policy,Proposed headline,common fixed five-day,1,96,0.001,50.4,nextclose_t1_t6_stride5_v2_20260905,chronological_90_10_label_availability_purge_v1_20260905,drift_full_l1_entry_fee_mark_to_market_v1_20260905,2.134203161708788,0.4888425545981703,0.44634682727978,0.3078979930249912,1.4496581250646583,0.28181558702117615,1.734618584320667,40.312189718336526
TAIWAN50_0050_EX_LATE_HISTORY_2026_PREVCLOSE_ADJUSTED,Proposed Feedback + Reliability-policy,Proposed headline,common fixed five-day,2,96,0.001,50.4,nextclose_t1_t6_stride5_v2_20260905,chronological_90_10_label_availability_purge_v1_20260905,drift_full_l1_entry_fee_mark_to_market_v1_20260905,2.9674456378511427,0.7701128511832309,0.6184727937355241,0.29893964873311146,2.0688884741671947,0.21014344145909258,3.664700862592204,34.40183449650898
TAIWAN50_0050_EX_LATE_HISTORY_2026_PREVCLOSE_ADJUSTED,Proposed Feedback + Reliability-policy,Proposed headline,common fixed five-day,3,96,0.001,50.4,nextclose_t1_t6_stride5_v2_20260905,chronological_90_10_label_availability_purge_v1_20260905,drift_full_l1_entry_fee_mark_to_market_v1_20260905,2.6941697650893808,0.6825698517192726,0.5751098135884276,0.32888682647713546,1.7486556690296922,0.3216209418219831,2.1222804953325287,57.02888881853081
TAIWAN50_0050_EX_LATE_HISTORY_2026_PREVCLOSE_ADJUSTED,Proposed Feedback + Reliability-policy,Proposed headline,common fixed five-day,4,96,0.001,50.4,nextclose_t1_t6_stride5_v2_20260905,chronological_90_10_label_availability_purge_v1_20260905,drift_full_l1_entry_fee_mark_to_market_v1_20260905,2.396225329687748,0.5821658950404289,0.5038951173611061,0.2941987450348401,1.7127711313025247,0.2827882146929436,2.0586639215943103,42.23518589919795
TAIWAN50_0050_EX_LATE_HISTORY_2026_PREVCLOSE_ADJUSTED,Proposed Feedback + Reliability-policy,Proposed headline,common fixed five-day,5,96,0.001,50.4,nextclose_t1_t6_stride5_v2_20260905,chronological_90_10_label_availability_purge_v1_20260905,drift_full_l1_entry_fee_mark_to_market_v1_20260905,2.856291959942125,0.7349875537024912,0.6043997099544115,0.3198202105826176,1.8898108685919954,0.2863568609671413,2.5666839314418564,79.72113165761345
TAIWAN50_0050_EX_LATE_HISTORY_2026_PREVCLOSE_ADJUSTED,Proposed Feedback + Reliability-policy,Proposed headline,common fixed five-day,6,96,0.001,50.4,nextclose_t1_t6_stride5_v2_20260905,chronological_90_10_label_availability_purge_v1_20260905,drift_full_l1_entry_fee_mark_to_market_v1_20260905,2.340473685427815,0.562731892381261,0.47448857644857506,0.22737516009731104,2.0868092022255444,0.1925208819843348,2.9229654808409293,62.769842383824155
TAIWAN50_0050_EX_LATE_HISTORY_2026_PREVCLOSE_ADJUSTED,Proposed Feedback + Reliability-policy,Proposed headline,common fixed five-day,7,96,0.001,50.4,nextclose_t1_t6_stride5_v2_20260905,chronological_90_10_label_availability_purge_v1_20260905,drift_full_l1_entry_fee_mark_to_market_v1_20260905,1.911220522261358,0.4050383233284862,0.3715608178982321,0.24839947307383484,1.4958196702284812,0.2767183580731456,1.4637204634664012,77.11807136437
TAIWAN50_0050_EX_LATE_HISTORY_2026_PREVCLOSE_ADJUSTED,Proposed Feedback + Reliability-policy,Proposed headline,common fixed five-day,8,96,0.001,50.4,nextclose_t1_t6_stride5_v2_20260905,chronological_90_10_label_availability_purge_v1_20260905,drift_full_l1_entry_fee_mark_to_market_v1_20260905,2.3230557981470183,0.5566153605633544,0.49768972942505013,0.32933803926691374,1.5111820381662469,0.2938987022847621,1.8939020697819986,46.0835393516084
TAIWAN50_0050_EX_LATE_HISTORY_2026_PREVCLOSE_ADJUSTED,Proposed Feedback + Reliability-policy,Proposed headline,common fixed five-day,9,96,0.001,50.4,nextclose_t1_t6_stride5_v2_20260905,chronological_90_10_label_availability_purge_v1_20260905,drift_full_l1_entry_fee_mark_to_market_v1_20260905,2.738251728405443,0.6969674790009612,0.5685072207140207,0.273936535642562,2.075324561510191,0.23809467402884943,2.9272703467382524,36.251759854738715
TAIWAN50_0050_EX_LATE_HISTORY_2026_PREVCLOSE_ADJUSTED,Proposed Feedback + Reliability-policy,Proposed headline,common fixed five-day,10,96,0.001,50.4,nextclose_t1_t6_stride5_v2_20260905,chronological_90_10_label_availability_purge_v1_20260905,drift_full_l1_entry_fee_mark_to_market_v1_20260905,2.732511640654221,0.6950989735378659,0.5759905803628023,0.30656877822202105,1.8788298785783804,0.2251715278971127,3.08697542726395,62.39665036705336
TAIWAN50_0050_EX_LATE_HISTORY_2026_PREVCLOSE_ADJUSTED,Proposed Feedback + Equal-policy,M3 composition control,common fixed five-day,1,96,0.001,50.4,nextclose_t1_t6_stride5_v2_20260905,chronological_90_10_label_availability_purge_v1_20260905,drift_full_l1_entry_fee_mark_to_market_v1_20260905,2.2169457147663114,0.5188728038343764,0.47104113807077636,0.3218137191773835,1.4637074493742723,0.28719498973704993,1.8066916985893315,41.37481766715764
TAIWAN50_0050_EX_LATE_HISTORY_2026_PREVCLOSE_ADJUSTED,Proposed Feedback + Equal-policy,M3 composition control,common fixed five-day,2,96,0.001,50.4,nextclose_t1_t6_stride5_v2_20260905,chronological_90_10_label_availability_purge_v1_20260905,drift_full_l1_entry_fee_mark_to_market_v1_20260905,2.707454356990073,0.686920440189857,0.5621543444043727,0.271141973775417,2.073284104916921,0.20190887907346633,3.4021309183729107,32.73671647542421
TAIWAN50_0050_EX_LATE_HISTORY_2026_PREVCLOSE_ADJUSTED,Proposed Feedback + Equal-policy,M3 composition control,common fixed five-day,3,96,0.001,50.4,nextclose_t1_t6_stride5_v2_20260905,chronological_90_10_label_availability_purge_v1_20260905,drift_full_l1_entry_fee_mark_to_market_v1_20260905,2.356950297917563,0.5684980129161425,0.49262824441849934,0.2891781031815249,1.7035461502742593,0.29272731898099713,1.942073650300632,59.79765904389345
TAIWAN50_0050_EX_LATE_HISTORY_2026_PREVCLOSE_ADJUSTED,Proposed Feedback + Equal-policy,M3 composition control,common fixed five-day,4,96,0.001,50.4,nextclose_t1_t6_stride5_v2_20260905,chronological_90_10_label_availability_purge_v1_20260905,drift_full_l1_entry_fee_mark_to_market_v1_20260905,2.420296195597188,0.5904901067369754,0.5082214418525631,0.29099461505728785,1.7464977547866651,0.2660747776318294,2.2192637422929393,42.50398758439064
TAIWAN50_0050_EX_LATE_HISTORY_2026_PREVCLOSE_ADJUSTED,Proposed Feedback + Equal-policy,M3 composition control,common fixed five-day,5,96,0.001,50.4,nextclose_t1_t6_stride5_v2_20260905,chronological_90_10_label_availability_purge_v1_20260905,drift_full_l1_entry_fee_mark_to_market_v1_20260905,2.6206147598854757,0.6582945404892497,0.5532005338033827,0.300706017115082,1.8396723122160525,0.28965108733216516,2.272715585335721,56.80235429583117
TAIWAN50_0050_EX_LATE_HISTORY_2026_PREVCLOSE_ADJUSTED,Proposed Feedback + Equal-policy,M3 composition control,common fixed five-day,6,96,0.001,50.4,nextclose_t1_t6_stride5_v2_20260905,chronological_90_10_label_availability_purge_v1_20260905,drift_full_l1_entry_fee_mark_to_market_v1_20260905,2.4009980451371216,0.5838195462842801,0.48967960975544467,0.23438887352396243,2.089176002227695,0.2028651835491041,2.8778696081329547,62.50528080344089
TAIWAN50_0050_EX_LATE_HISTORY_2026_PREVCLOSE_ADJUSTED,Proposed Feedback + Equal-policy,M3 composition control,common fixed five-day,7,96,0.001,50.4,nextclose_t1_t6_stride5_v2_20260905,chronological_90_10_label_availability_purge_v1_20260905,drift_full_l1_entry_fee_mark_to_market_v1_20260905,1.936666132470976,0.4148283316415793,0.37401802143406365,0.22806195961232792,1.6399842484465177,0.24067900856842517,1.7235750392566678,82.25008355288502
TAIWAN50_0050_EX_LATE_HISTORY_2026_PREVCLOSE_ADJUSTED,Proposed Feedback + Equal-policy,M3 composition control,common fixed five-day,8,96,0.001,50.4,nextclose_t1_t6_stride5_v2_20260905,chronological_90_10_label_availability_purge_v1_20260905,drift_full_l1_entry_fee_mark_to_market_v1_20260905,2.237608417056858,0.5262885481322823,0.4691542796688147,0.29958593508439935,1.5660090302191407,0.22832150577422194,2.3050327490950773,33.88310739097867
TAIWAN50_0050_EX_LATE_HISTORY_2026_PREVCLOSE_ADJUSTED,Proposed Feedback + Equal-policy,M3 composition control,common fixed five-day,9,96,0.001,50.4,nextclose_t1_t6_stride5_v2_20260905,chronological_90_10_label_availability_purge_v1_20260905,drift_full_l1_entry_fee_mark_to_market_v1_20260905,2.8753668226325315,0.741060890667061,0.5942516374061492,0.2727084568481755,2.179073008128185,0.23525552313454923,3.150025473549573,38.01682260664859
TAIWAN50_0050_EX_LATE_HISTORY_2026_PREVCLOSE_ADJUSTED,Proposed Feedback + Equal-policy,M3 composition control,common fixed five-day,10,96,0.001,50.4,nextclose_t1_t6_stride5_v2_20260905,chronological_90_10_label_availability_purge_v1_20260905,drift_full_l1_entry_fee_mark_to_market_v1_20260905,2.5650099865054217,0.6397277882655472,0.5377403454123093,0.2893014015988635,1.8587547189208704,0.20752932563914306,3.0825898281861193,58.491150657268406
TAIWAN50_0050_EX_LATE_HISTORY_2026_PREVCLOSE_ADJUSTED,Proposed Feedback + Profit-score,M3 composition control,common fixed five-day,1,96,0.001,50.4,nextclose_t1_t6_stride5_v2_20260905,chronological_90_10_label_availability_purge_v1_20260905,drift_full_l1_entry_fee_mark_to_market_v1_20260905,3.0958989279999427,0.8099353245198815,0.7230721739709377,0.5113399641595991,1.4140732675947323,0.4001003711746848,2.0243303502616894,5.0
TAIWAN50_0050_EX_LATE_HISTORY_2026_PREVCLOSE_ADJUSTED,Proposed Feedback + Profit-score,M3 composition control,common fixed five-day,2,96,0.001,50.4,nextclose_t1_t6_stride5_v2_20260905,chronological_90_10_label_availability_purge_v1_20260905,drift_full_l1_entry_fee_mark_to_market_v1_20260905,4.546354057742495,1.2144873743747833,0.9128748172785214,0.47786239503483474,1.9103298915412157,0.2723577876596873,4.459161549264354,4.965073826367004
TAIWAN50_0050_EX_LATE_HISTORY_2026_PREVCLOSE_ADJUSTED,Proposed Feedback + Profit-score,M3 composition control,common fixed five-day,3,96,0.001,50.4,nextclose_t1_t6_stride5_v2_20260905,chronological_90_10_label_availability_purge_v1_20260905,drift_full_l1_entry_fee_mark_to_market_v1_20260905,3.73908006619458,0.9984878008979452,0.79244898358322,0.4487928480669367,1.7657344295848216,0.3607062514666668,2.768146647966306,77.75855246250224
TAIWAN50_0050_EX_LATE_HISTORY_2026_PREVCLOSE_ADJUSTED,Proposed Feedback + Profit-score,M3 composition control,common fixed five-day,4,96,0.001,50.4,nextclose_t1_t6_stride5_v2_20260905,chronological_90_10_label_availability_purge_v1_20260905,drift_full_l1_entry_fee_mark_to_market_v1_20260905,1.8006227252132916,0.36174858183141634,0.3934633506595223,0.42560776149610463,0.9244740962345526,0.3458983959384473,1.0458232419666658,44.704377100639746
TAIWAN50_0050_EX_LATE_HISTORY_2026_PREVCLOSE_ADJUSTED,Proposed Feedback + Profit-score,M3 composition control,common fixed five-day,5,96,0.001,50.4,nextclose_t1_t6_stride5_v2_20260905,chronological_90_10_label_availability_purge_v1_20260905,drift_full_l1_entry_fee_mark_to_market_v1_20260905,3.7459816148816545,1.0004235646058453,0.8072494336730673,0.48055567362562757,1.6798249983870703,0.27701160844739003,3.6114860680860073,143.107520161917
TAIWAN50_0050_EX_LATE_HISTORY_2026_PREVCLOSE_ADJUSTED,Proposed Feedback + Profit-score,M3 composition control,common fixed five-day,6,96,0.001,50.4,nextclose_t1_t6_stride5_v2_20260905,chronological_90_10_label_availability_purge_v1_20260905,drift_full_l1_entry_fee_mark_to_market_v1_20260905,1.9235158952193085,0.40977655627857557,0.40588257833430585,0.35484912493827586,1.1438173291392701,0.19551129564667946,2.0959226673997806,65.31921382348389
TAIWAN50_0050_EX_LATE_HISTORY_2026_PREVCLOSE_ADJUSTED,Proposed Feedback + Profit-score,M3 composition control,common fixed five-day,7,96,0.001,50.4,nextclose_t1_t6_stride5_v2_20260905,chronological_90_10_label_availability_purge_v1_20260905,drift_full_l1_entry_fee_mark_to_market_v1_20260905,1.9874966578295217,0.4342037829330445,0.43454268581462085,0.39910660815115123,1.0887885014673802,0.3432635823201806,1.2649281930759524,63.81073458933204
TAIWAN50_0050_EX_LATE_HISTORY_2026_PREVCLOSE_ADJUSTED,Proposed Feedback + Profit-score,M3 composition control,common fixed five-day,8,96,0.001,50.4,nextclose_t1_t6_stride5_v2_20260905,chronological_90_10_label_availability_purge_v1_20260905,drift_full_l1_entry_fee_mark_to_market_v1_20260905,1.3037409248230387,0.14941121855718276,0.17459787461500467,0.2674567216552569,0.6528079516358377,0.22475923034533174,0.6647612128214695,48.827719754575874
TAIWAN50_0050_EX_LATE_HISTORY_2026_PREVCLOSE_ADJUSTED,Proposed Feedback + Profit-score,M3 composition control,common fixed five-day,9,96,0.001,50.4,nextclose_t1_t6_stride5_v2_20260905,chronological_90_10_label_availability_purge_v1_20260905,drift_full_l1_entry_fee_mark_to_market_v1_20260905,2.854400467236164,0.7343842637922222,0.6752035599429473,0.5005312167027876,1.3489739249248047,0.449624669835045,1.633327335134097,39.1858260141758
TAIWAN50_0050_EX_LATE_HISTORY_2026_PREVCLOSE_ADJUSTED,Proposed Feedback + Profit-score,M3 composition control,common fixed five-day,10,96,0.001,50.4,nextclose_t1_t6_stride5_v2_20260905,chronological_90_10_label_availability_purge_v1_20260905,drift_full_l1_entry_fee_mark_to_market_v1_20260905,1.4344846407387093,0.20855202068618284,0.2401473658696924,0.31715383400759867,0.7571952160727741,0.312857541251531,0.6666037834725274,102.74659622775098
TAIWAN50_0050_EX_LATE_HISTORY_2026_PREVCLOSE_ADJUSTED,Proposed Feedback J=1,M3 learner-count control,common fixed five-day,1,96,0.001,50.4,nextclose_t1_t6_stride5_v2_20260905,chronological_90_10_label_availability_purge_v1_20260905,drift_full_l1_entry_fee_mark_to_market_v1_20260905,1.9790365850498526,0.4309954634436368,0.4223657975388336,0.36030499558575346,1.1722451886968341,0.2438017792797994,1.7678109844678547,81.95693573492237
TAIWAN50_0050_EX_LATE_HISTORY_2026_PREVCLOSE_ADJUSTED,Proposed Feedback J=1,M3 learner-count control,common fixed five-day,2,96,0.001,50.4,nextclose_t1_t6_stride5_v2_20260905,chronological_90_10_label_availability_purge_v1_20260905,drift_full_l1_entry_fee_mark_to_market_v1_20260905,1.5719627168363497,0.2680377321238754,0.30397333201224225,0.3680262231119326,0.8259556328403014,0.20957198059589077,1.2789769479762745,33.6562436391083
TAIWAN50_0050_EX_LATE_HISTORY_2026_PREVCLOSE_ADJUSTED,Proposed Feedback J=1,M3 learner-count control,common fixed five-day,3,96,0.001,50.4,nextclose_t1_t6_stride5_v2_20260905,chronological_90_10_label_availability_purge_v1_20260905,drift_full_l1_entry_fee_mark_to_market_v1_20260905,2.874966377266084,0.7409335879583718,0.6595810448167785,0.461483515800604,1.4292624161721255,0.4111528086285753,1.802088110330074,70.04739672377472
TAIWAN50_0050_EX_LATE_HISTORY_2026_PREVCLOSE_ADJUSTED,Proposed Feedback J=1,M3 learner-count control,common fixed five-day,4,96,0.001,50.4,nextclose_t1_t6_stride5_v2_20260905,chronological_90_10_label_availability_purge_v1_20260905,drift_full_l1_entry_fee_mark_to_market_v1_20260905,2.0399530418222325,0.45395374179693615,0.4391312370580159,0.3653546026412204,1.2019315861452124,0.29721700129589923,1.527347829423106,77.77209167815836
TAIWAN50_0050_EX_LATE_HISTORY_2026_PREVCLOSE_ADJUSTED,Proposed Feedback J=1,M3 learner-count control,common fixed five-day,5,96,0.001,50.4,nextclose_t1_t6_stride5_v2_20260905,chronological_90_10_label_availability_purge_v1_20260905,drift_full_l1_entry_fee_mark_to_market_v1_20260905,1.120840432444298,0.06172119994277425,0.13004859948582775,0.38942994053003155,0.3339460733523103,0.45409431607627193,0.1359215426347844,49.0920333321941
TAIWAN50_0050_EX_LATE_HISTORY_2026_PREVCLOSE_ADJUSTED,Proposed Feedback J=1,M3 learner-count control,common fixed five-day,6,96,0.001,50.4,nextclose_t1_t6_stride5_v2_20260905,chronological_90_10_label_availability_purge_v1_20260905,drift_full_l1_entry_fee_mark_to_market_v1_20260905,2.850458026380445,0.7331262151131941,0.6279000980896102,0.38732843548414186,1.6211050895469767,0.31996555382506053,2.291266063952706,104.48165489073045
TAIWAN50_0050_EX_LATE_HISTORY_2026_PREVCLOSE_ADJUSTED,Proposed Feedback J=1,M3 learner-count control,common fixed five-day,7,96,0.001,50.4,nextclose_t1_t6_stride5_v2_20260905,chronological_90_10_label_availability_purge_v1_20260905,drift_full_l1_entry_fee_mark_to_market_v1_20260905,1.4230343325510206,0.20347777246294707,0.23323411250335632,0.3107756693559119,0.7504902587346628,0.23144739392013847,0.8791534396501246,124.96143391083993
TAIWAN50_0050_EX_LATE_HISTORY_2026_PREVCLOSE_ADJUSTED,Proposed Feedback J=1,M3 learner-count control,common fixed five-day,8,96,0.001,50.4,nextclose_t1_t6_stride5_v2_20260905,chronological_90_10_label_availability_purge_v1_20260905,drift_full_l1_entry_fee_mark_to_market_v1_20260905,1.0939567743252114,0.04827465359823524,0.07173309524059297,0.2236670170184858,0.3207137833588773,0.28214298010780825,0.17109996350002843,1.0
TAIWAN50_0050_EX_LATE_HISTORY_2026_PREVCLOSE_ADJUSTED,Proposed Feedback J=1,M3 learner-count control,common fixed five-day,9,96,0.001,50.4,nextclose_t1_t6_stride5_v2_20260905,chronological_90_10_label_availability_purge_v1_20260905,drift_full_l1_entry_fee_mark_to_market_v1_20260905,2.7059191344221074,0.6864181871138633,0.5634773146301508,0.27828090905543273,2.0248507759398895,0.229911511942808,2.9855755430141935,1.0
TAIWAN50_0050_EX_LATE_HISTORY_2026_PREVCLOSE_ADJUSTED,Proposed Feedback J=1,M3 learner-count control,common fixed five-day,10,96,0.001,50.4,nextclose_t1_t6_stride5_v2_20260905,chronological_90_10_label_availability_purge_v1_20260905,drift_full_l1_entry_fee_mark_to_market_v1_20260905,2.6540396783388327,0.6693653349602147,0.5732461708251055,0.34324450853029637,1.6700811129641369,0.2894707784976407,2.3123761867578985,102.02561476156353
TAIWAN50_0050_EX_LATE_HISTORY_2026_PREVCLOSE_ADJUSTED,Proposed No-Sparse + Reliability-policy,M1 control,common fixed five-day,1,96,0.001,50.4,nextclose_t1_t6_stride5_v2_20260905,chronological_90_10_label_availability_purge_v1_20260905,drift_full_l1_entry_fee_mark_to_market_v1_20260905,1.3529343016204642,0.17198019199724746,0.19907274611565834,0.2883034469207624,0.6904972807015093,0.25958116122126307,0.6625295579545317,147.0692784026953
TAIWAN50_0050_EX_LATE_HISTORY_2026_PREVCLOSE_ADJUSTED,Proposed No-Sparse + Reliability-policy,M1 control,common fixed five-day,2,96,0.001,50.4,nextclose_t1_t6_stride5_v2_20260905,chronological_90_10_label_availability_purge_v1_20260905,drift_full_l1_entry_fee_mark_to_market_v1_20260905,1.2910881302229507,0.1435412664507465,0.163564334689931,0.2431806355608219,0.6726042734147799,0.32956857955030083,0.4355429350898978,146.26700591379273
TAIWAN50_0050_EX_LATE_HISTORY_2026_PREVCLOSE_ADJUSTED,Proposed No-Sparse + Reliability-policy,M1 control,common fixed five-day,3,96,0.001,50.4,nextclose_t1_t6_stride5_v2_20260905,chronological_90_10_label_availability_purge_v1_20260905,drift_full_l1_entry_fee_mark_to_market_v1_20260905,2.501623694499515,0.6183279707090026,0.5228333072539793,0.2841501989621814,1.8399892351423799,0.17393912249847088,3.554852765883296,146.5944837891522
TAIWAN50_0050_EX_LATE_HISTORY_2026_PREVCLOSE_ADJUSTED,Proposed No-Sparse + Reliability-policy,M1 control,common fixed five-day,4,96,0.001,50.4,nextclose_t1_t6_stride5_v2_20260905,chronological_90_10_label_availability_purge_v1_20260905,drift_full_l1_entry_fee_mark_to_market_v1_20260905,1.9789996188800059,0.4309814304567674,0.41034914444100895,0.319294707166047,1.285173650647487,0.42277591587961716,1.0194086613474138,140.4005910124858
TAIWAN50_0050_EX_LATE_HISTORY_2026_PREVCLOSE_ADJUSTED,Proposed No-Sparse + Reliability-policy,M1 control,common fixed five-day,5,96,0.001,50.4,nextclose_t1_t6_stride5_v2_20260905,chronological_90_10_label_availability_purge_v1_20260905,drift_full_l1_entry_fee_mark_to_market_v1_20260905,1.4103518963667219,0.19783481199011654,0.21792734695423266,0.2777462266044602,0.7846275703489002,0.27291759320135844,0.7248884532121538,155.66944287796647
TAIWAN50_0050_EX_LATE_HISTORY_2026_PREVCLOSE_ADJUSTED,Proposed No-Sparse + Reliability-policy,M1 control,common fixed five-day,6,96,0.001,50.4,nextclose_t1_t6_stride5_v2_20260905,chronological_90_10_label_availability_purge_v1_20260905,drift_full_l1_entry_fee_mark_to_market_v1_20260905,3.882103805622207,1.0382631393578894,0.769344523721395,0.3344437338782945,2.3003705729507335,0.16590301313009714,6.258253661394977,154.89906262395664
TAIWAN50_0050_EX_LATE_HISTORY_2026_PREVCLOSE_ADJUSTED,Proposed No-Sparse + Reliability-policy,M1 control,common fixed five-day,7,96,0.001,50.4,nextclose_t1_t6_stride5_v2_20260905,chronological_90_10_label_availability_purge_v1_20260905,drift_full_l1_entry_fee_mark_to_market_v1_20260905,1.2119938897563602,0.10621037140998824,0.13416058472774722,0.2551764117404062,0.5257562163082311,0.4141905221469452,0.2564287827240703,157.81364156816727
TAIWAN50_0050_EX_LATE_HISTORY_2026_PREVCLOSE_ADJUSTED,Proposed No-Sparse + Reliability-policy,M1 control,common fixed five-day,8,96,0.001,50.4,nextclose_t1_t6_stride5_v2_20260905,chronological_90_10_label_availability_purge_v1_20260905,drift_full_l1_entry_fee_mark_to_market_v1_20260905,3.111433500256995,0.8146976414203762,0.6538217242187987,0.33234759461642477,1.9672828532831708,0.27031981268775274,3.013828817503051,142.7803442186143
TAIWAN50_0050_EX_LATE_HISTORY_2026_PREVCLOSE_ADJUSTED,Proposed No-Sparse + Reliability-policy,M1 control,common fixed five-day,9,96,0.001,50.4,nextclose_t1_t6_stride5_v2_20260905,chronological_90_10_label_availability_purge_v1_20260905,drift_full_l1_entry_fee_mark_to_market_v1_20260905,2.093373396656755,0.47382024496738984,0.4314979271374428,0.29359314070909365,1.4697139248392452,0.307673718376719,1.54000883620238,150.85074495145318
TAIWAN50_0050_EX_LATE_HISTORY_2026_PREVCLOSE_ADJUSTED,Proposed No-Sparse + Reliability-policy,M1 control,common fixed five-day,10,96,0.001,50.4,nextclose_t1_t6_stride5_v2_20260905,chronological_90_10_label_availability_purge_v1_20260905,drift_full_l1_entry_fee_mark_to_market_v1_20260905,1.399603706483237,0.1930335834278305,0.20562698338328422,0.24166358606472144,0.8508811225213466,0.286551023159346,0.6736447188342018,147.19562376815043
TAIWAN50_0050_EX_LATE_HISTORY_2026_PREVCLOSE_ADJUSTED,Proposed Fixed-5 + Reliability-policy,M2 control,common fixed five-day,1,96,0.001,50.4,nextclose_t1_t6_stride5_v2_20260905,chronological_90_10_label_availability_purge_v1_20260905,drift_full_l1_entry_fee_mark_to_market_v1_20260905,2.052480631610972,0.45863459764957293,0.4060623286379717,0.23241234536657318,1.7471633359127652,0.22212748734135734,2.064735900716151,35.423843110500655
TAIWAN50_0050_EX_LATE_HISTORY_2026_PREVCLOSE_ADJUSTED,Proposed Fixed-5 + Reliability-policy,M2 control,common fixed five-day,2,96,0.001,50.4,nextclose_t1_t6_stride5_v2_20260905,chronological_90_10_label_availability_purge_v1_20260905,drift_full_l1_entry_fee_mark_to_market_v1_20260905,2.298946883136657,0.5481131226110438,0.4632219940980154,0.22081453277917007,2.097787624156376,0.1911593044033646,2.867310719307035,24.332888143955298
TAIWAN50_0050_EX_LATE_HISTORY_2026_PREVCLOSE_ADJUSTED,Proposed Fixed-5 + Reliability-policy,M2 control,common fixed five-day,3,96,0.001,50.4,nextclose_t1_t6_stride5_v2_20260905,chronological_90_10_label_availability_purge_v1_20260905,drift_full_l1_entry_fee_mark_to_market_v1_20260905,2.308822296509559,0.551600877676488,0.4721641983075893,0.24981113268661354,1.89008469410335,0.23702459022105205,2.3271884033722334,46.16681759850023
TAIWAN50_0050_EX_LATE_HISTORY_2026_PREVCLOSE_ADJUSTED,Proposed Fixed-5 + Reliability-policy,M2 control,common fixed five-day,4,96,0.001,50.4,nextclose_t1_t6_stride5_v2_20260905,chronological_90_10_label_availability_purge_v1_20260905,drift_full_l1_entry_fee_mark_to_market_v1_20260905,2.5157461181025886,0.6231179323303275,0.5194395726258823,0.25549407893396736,2.033078710838273,0.24812985903822538,2.5112573502664737,27.024963569058166
TAIWAN50_0050_EX_LATE_HISTORY_2026_PREVCLOSE_ADJUSTED,Proposed Fixed-5 + Reliability-policy,M2 control,common fixed five-day,5,96,0.001,50.4,nextclose_t1_t6_stride5_v2_20260905,chronological_90_10_label_availability_purge_v1_20260905,drift_full_l1_entry_fee_mark_to_market_v1_20260905,1.8910536694689546,0.3972352178760359,0.3652796383077607,0.24340206685595125,1.5007252938568443,0.23156028221408054,1.7154721616239295,65.52962882535275
TAIWAN50_0050_EX_LATE_HISTORY_2026_PREVCLOSE_ADJUSTED,Proposed Fixed-5 + Reliability-policy,M2 control,common fixed five-day,6,96,0.001,50.4,nextclose_t1_t6_stride5_v2_20260905,chronological_90_10_label_availability_purge_v1_20260905,drift_full_l1_entry_fee_mark_to_market_v1_20260905,2.047114344158248,0.45663118404554814,0.399138429734098,0.20824743376736246,1.916654733810472,0.21527677377603516,2.121135392527797,35.63859272937529
TAIWAN50_0050_EX_LATE_HISTORY_2026_PREVCLOSE_ADJUSTED,Proposed Fixed-5 + Reliability-policy,M2 control,common fixed five-day,7,96,0.001,50.4,nextclose_t1_t6_stride5_v2_20260905,chronological_90_10_label_availability_purge_v1_20260905,drift_full_l1_entry_fee_mark_to_market_v1_20260905,1.6236619616979446,0.2897638452466964,0.271998139345116,0.18324370070948787,1.4843519220141612,0.20060899006990596,1.4444210358953642,44.50474429582461
TAIWAN50_0050_EX_LATE_HISTORY_2026_PREVCLOSE_ADJUSTED,Proposed Fixed-5 + Reliability-policy,M2 control,common fixed five-day,8,96,0.001,50.4,nextclose_t1_t6_stride5_v2_20260905,chronological_90_10_label_availability_purge_v1_20260905,drift_full_l1_entry_fee_mark_to_market_v1_20260905,1.9845602451264897,0.4330909413918691,0.38419513587770104,0.215268739331503,1.7847233047900184,0.19979477810124846,2.1676789829431624,31.512736492144747
TAIWAN50_0050_EX_LATE_HISTORY_2026_PREVCLOSE_ADJUSTED,Proposed Fixed-5 + Reliability-policy,M2 control,common fixed five-day,9,96,0.001,50.4,nextclose_t1_t6_stride5_v2_20260905,chronological_90_10_label_availability_purge_v1_20260905,drift_full_l1_entry_fee_mark_to_market_v1_20260905,2.4096877398587084,0.5868263488721974,0.49298241176609764,0.2410167969684445,2.045427613207565,0.2330893886909764,2.517602161847856,24.891927407113837
TAIWAN50_0050_EX_LATE_HISTORY_2026_PREVCLOSE_ADJUSTED,Proposed Fixed-5 + Reliability-policy,M2 control,common fixed five-day,10,96,0.001,50.4,nextclose_t1_t6_stride5_v2_20260905,chronological_90_10_label_availability_purge_v1_20260905,drift_full_l1_entry_fee_mark_to_market_v1_20260905,1.9047070584219934,0.40252238120376305,0.3623693897844891,0.21345158122632357,1.697665520689057,0.2097933734900136,1.9186610830819382,37.8734364562691
TAIWAN50_0050_EX_LATE_HISTORY_2026_PREVCLOSE_ADJUSTED,Standard + Equal-policy,M3 training control,common fixed five-day,1,96,0.001,50.4,nextclose_t1_t6_stride5_v2_20260905,chronological_90_10_label_availability_purge_v1_20260905,drift_full_l1_entry_fee_mark_to_market_v1_20260905,1.8002066475061902,0.3615833735582461,0.3306383483019305,0.20753053353981166,1.5932033839179738,0.19915887856633374,1.8155523678439158,78.21433639753916
TAIWAN50_0050_EX_LATE_HISTORY_2026_PREVCLOSE_ADJUSTED,Standard + Equal-policy,M3 training control,common fixed five-day,2,96,0.001,50.4,nextclose_t1_t6_stride5_v2_20260905,chronological_90_10_label_availability_purge_v1_20260905,drift_full_l1_entry_fee_mark_to_market_v1_20260905,1.5078387570409066,0.24061298831718236,0.23924275098199002,0.21610270509997753,1.1070789274539947,0.25301115008634545,0.9509975676371103,60.94271269863724
TAIWAN50_0050_EX_LATE_HISTORY_2026_PREVCLOSE_ADJUSTED,Standard + Equal-policy,M3 training control,common fixed five-day,3,96,0.001,50.4,nextclose_t1_t6_stride5_v2_20260905,chronological_90_10_label_availability_purge_v1_20260905,drift_full_l1_entry_fee_mark_to_market_v1_20260905,2.0179753041290955,0.4457087838105873,0.4003478918875272,0.2482430295814102,1.6127256123267495,0.21768074997600972,2.0475342163223353,69.0506165618209
TAIWAN50_0050_EX_LATE_HISTORY_2026_PREVCLOSE_ADJUSTED,Standard + Equal-policy,M3 training control,common fixed five-day,4,96,0.001,50.4,nextclose_t1_t6_stride5_v2_20260905,chronological_90_10_label_availability_purge_v1_20260905,drift_full_l1_entry_fee_mark_to_market_v1_20260905,1.564751262238213,0.264980375453848,0.27032342545048726,0.2622932959746293,1.0306150770877296,0.2577116346065633,1.0282049386648047,70.98020771280233
TAIWAN50_0050_EX_LATE_HISTORY_2026_PREVCLOSE_ADJUSTED,Standard + Equal-policy,M3 training control,common fixed five-day,5,96,0.001,50.4,nextclose_t1_t6_stride5_v2_20260905,chronological_90_10_label_availability_purge_v1_20260905,drift_full_l1_entry_fee_mark_to_market_v1_20260905,1.8187044569301425,0.3689107021433593,0.3410986678928827,0.22914897002175508,1.4885454988538647,0.248181011296573,1.4864582113516973,72.84642611127185
TAIWAN50_0050_EX_LATE_HISTORY_2026_PREVCLOSE_ADJUSTED,Standard + Equal-policy,M3 training control,common fixed five-day,6,96,0.001,50.4,nextclose_t1_t6_stride5_v2_20260905,chronological_90_10_label_availability_purge_v1_20260905,drift_full_l1_entry_fee_mark_to_market_v1_20260905,1.7185796815880632,0.3288136426593875,0.30394948757674617,0.1936014304790652,1.5699754223128704,0.2013549754843018,1.6330048059081745,65.77025068492586
TAIWAN50_0050_EX_LATE_HISTORY_2026_PREVCLOSE_ADJUSTED,Standard + Equal-policy,M3 training control,common fixed five-day,7,96,0.001,50.4,nextclose_t1_t6_stride5_v2_20260905,chronological_90_10_label_availability_purge_v1_20260905,drift_full_l1_entry_fee_mark_to_market_v1_20260905,1.7288047036668899,0.33295846232261206,0.3198348861343166,0.2526170016378663,1.266086146461389,0.21301004023096004,1.5631115883626694,62.1515137638948
TAIWAN50_0050_EX_LATE_HISTORY_2026_PREVCLOSE_ADJUSTED,Standard + Equal-policy,M3 training control,common fixed five-day,8,96,0.001,50.4,nextclose_t1_t6_stride5_v2_20260905,chronological_90_10_label_availability_purge_v1_20260905,drift_full_l1_entry_fee_mark_to_market_v1_20260905,2.7888352252668347,0.7133535905496966,0.5802643272366268,0.27982806228130985,2.0736459471076554,0.21600794263338363,3.3024414836468567,59.60565009400712
TAIWAN50_0050_EX_LATE_HISTORY_2026_PREVCLOSE_ADJUSTED,Standard + Equal-policy,M3 training control,common fixed five-day,9,96,0.001,50.4,nextclose_t1_t6_stride5_v2_20260905,chronological_90_10_label_availability_purge_v1_20260905,drift_full_l1_entry_fee_mark_to_market_v1_20260905,2.4137094599909403,0.5882161982723519,0.49232827530520895,0.23971400615917815,2.0538152242063252,0.18907039633385714,3.111096235466129,76.32908211396963
TAIWAN50_0050_EX_LATE_HISTORY_2026_PREVCLOSE_ADJUSTED,Standard + Equal-policy,M3 training control,common fixed five-day,10,96,0.001,50.4,nextclose_t1_t6_stride5_v2_20260905,chronological_90_10_label_availability_purge_v1_20260905,drift_full_l1_entry_fee_mark_to_market_v1_20260905,2.309597660551438,0.5518744170413021,0.4746750796080773,0.2581382011916796,1.8388408899448752,0.22515591515399447,2.4510766979577236,50.753188483195444
TAIWAN50_0050_EX_LATE_HISTORY_2026_PREVCLOSE_ADJUSTED,FinGAT,Learned baseline,common fixed five-day,1,96,0.001,50.4,nextclose_t1_t6_stride5_v2_20260905,chronological_90_10_label_availability_purge_v1_20260905,drift_full_l1_entry_fee_mark_to_market_v1_20260905,2.8172394214663985,0.7224930264415053,0.6041814410027264,0.34304557322866375,1.7612279188339721,0.22283464528867458,3.2422831984027463,96.79099813305014
TAIWAN50_0050_EX_LATE_HISTORY_2026_PREVCLOSE_ADJUSTED,FinGAT,Learned baseline,common fixed five-day,2,96,0.001,50.4,nextclose_t1_t6_stride5_v2_20260905,chronological_90_10_label_availability_purge_v1_20260905,drift_full_l1_entry_fee_mark_to_market_v1_20260905,3.3383371002096047,0.8830131338863503,0.6987682709757853,0.3550530807877717,1.9680670547215018,0.24300390041885256,3.6337405793254707,103.59154443804037
TAIWAN50_0050_EX_LATE_HISTORY_2026_PREVCLOSE_ADJUSTED,FinGAT,Learned baseline,common fixed five-day,3,96,0.001,50.4,nextclose_t1_t6_stride5_v2_20260905,chronological_90_10_label_availability_purge_v1_20260905,drift_full_l1_entry_fee_mark_to_market_v1_20260905,2.9957393862746375,0.7789535785004451,0.6418567544509183,0.3582081038486931,1.7918543649756125,0.23779250476272773,3.2757701058647517,105.38917044249501
TAIWAN50_0050_EX_LATE_HISTORY_2026_PREVCLOSE_ADJUSTED,FinGAT,Learned baseline,common fixed five-day,4,96,0.001,50.4,nextclose_t1_t6_stride5_v2_20260905,chronological_90_10_label_availability_purge_v1_20260905,drift_full_l1_entry_fee_mark_to_market_v1_20260905,4.335021206625484,1.1598341009749613,0.8500950080279895,0.390273055868787,2.1782057337665615,0.23659096797315593,4.902275479537995,81.86118746881584
TAIWAN50_0050_EX_LATE_HISTORY_2026_PREVCLOSE_ADJUSTED,FinGAT,Learned baseline,common fixed five-day,5,96,0.001,50.4,nextclose_t1_t6_stride5_v2_20260905,chronological_90_10_label_availability_purge_v1_20260905,drift_full_l1_entry_fee_mark_to_market_v1_20260905,3.248010036998774,0.8560903610035269,0.6866838763677726,0.36224705511304084,1.8956230745712752,0.2395393135677114,3.5739033741596358,109.90058635281557
TAIWAN50_0050_EX_LATE_HISTORY_2026_PREVCLOSE_ADJUSTED,FinGAT,Learned baseline,common fixed five-day,6,96,0.001,50.4,nextclose_t1_t6_stride5_v2_20260905,chronological_90_10_label_availability_purge_v1_20260905,drift_full_l1_entry_fee_mark_to_market_v1_20260905,1.4857694377432,0.23104660805297406,0.2480372998806985,0.2821496826557812,0.8790982770067498,0.39759492914839767,0.5811105502473313,115.97058321705046
TAIWAN50_0050_EX_LATE_HISTORY_2026_PREVCLOSE_ADJUSTED,FinGAT,Learned baseline,common fixed five-day,7,96,0.001,50.4,nextclose_t1_t6_stride5_v2_20260905,chronological_90_10_label_availability_purge_v1_20260905,drift_full_l1_entry_fee_mark_to_market_v1_20260905,3.028876159991996,0.7892572943168741,0.6408195170996545,0.3377434702790546,1.8973557551540186,0.23439052386430814,3.367274757121947,111.41651257819225
TAIWAN50_0050_EX_LATE_HISTORY_2026_PREVCLOSE_ADJUSTED,FinGAT,Learned baseline,common fixed five-day,8,96,0.001,50.4,nextclose_t1_t6_stride5_v2_20260905,chronological_90_10_label_availability_purge_v1_20260905,drift_full_l1_entry_fee_mark_to_market_v1_20260905,3.1859449040846712,0.837384663660345,0.6735549956596939,0.35434834041747487,1.9008272900788705,0.2459218772260373,3.405084058018429,100.39587081607692
TAIWAN50_0050_EX_LATE_HISTORY_2026_PREVCLOSE_ADJUSTED,FinGAT,Learned baseline,common fixed five-day,9,96,0.001,50.4,nextclose_t1_t6_stride5_v2_20260905,chronological_90_10_label_availability_purge_v1_20260905,drift_full_l1_entry_fee_mark_to_market_v1_20260905,3.08100638083149,0.805359159972868,0.6478144794460807,0.3311439869965802,1.9562924434221143,0.19401783492063507,4.150954268211003,93.79133186991001
TAIWAN50_0050_EX_LATE_HISTORY_2026_PREVCLOSE_ADJUSTED,FinGAT,Learned baseline,common fixed five-day,10,96,0.001,50.4,nextclose_t1_t6_stride5_v2_20260905,chronological_90_10_label_availability_purge_v1_20260905,drift_full_l1_entry_fee_mark_to_market_v1_20260905,2.4530668879051984,0.6017599479093549,0.5275671134914975,0.33298008538783513,1.5843803778145447,0.23454536436815743,2.5656441751916015,98.81551184892109
TAIWAN50_0050_EX_LATE_HISTORY_2026_PREVCLOSE_ADJUSTED,GERU,Learned baseline,common fixed five-day,1,96,0.001,50.4,nextclose_t1_t6_stride5_v2_20260905,chronological_90_10_label_availability_purge_v1_20260905,drift_full_l1_entry_fee_mark_to_market_v1_20260905,3.216189103345084,0.8465213246845056,0.6742029148505349,0.34356384370526694,1.9623802888551718,0.19086532788115562,4.43517601694322,126.86960259072534
TAIWAN50_0050_EX_LATE_HISTORY_2026_PREVCLOSE_ADJUSTED,GERU,Learned baseline,common fixed five-day,2,96,0.001,50.4,nextclose_t1_t6_stride5_v2_20260905,chronological_90_10_label_availability_purge_v1_20260905,drift_full_l1_entry_fee_mark_to_market_v1_20260905,3.3032460886151966,0.8725955540546695,0.690408070684142,0.34859674272273244,1.9805350597704239,0.24113259990096247,3.6187373852107108,87.4784221929884
TAIWAN50_0050_EX_LATE_HISTORY_2026_PREVCLOSE_ADJUSTED,GERU,Learned baseline,common fixed five-day,3,96,0.001,50.4,nextclose_t1_t6_stride5_v2_20260905,chronological_90_10_label_availability_purge_v1_20260905,drift_full_l1_entry_fee_mark_to_market_v1_20260905,1.4919996225804022,0.23375400212444064,0.245121386710186,0.2616764732815232,0.9367345242629951,0.312611135051556,0.7477468839550127,152.77850510681304
TAIWAN50_0050_EX_LATE_HISTORY_2026_PREVCLOSE_ADJUSTED,GERU,Learned baseline,common fixed five-day,4,96,0.001,50.4,nextclose_t1_t6_stride5_v2_20260905,chronological_90_10_label_availability_purge_v1_20260905,drift_full_l1_entry_fee_mark_to_market_v1_20260905,1.2232496035286047,0.11159201632581817,0.13154543213181738,0.22762839991997155,0.577895518213305,0.33184454705393784,0.33627798713739315,146.122215390725
TAIWAN50_0050_EX_LATE_HISTORY_2026_PREVCLOSE_ADJUSTED,GERU,Learned baseline,common fixed five-day,5,96,0.001,50.4,nextclose_t1_t6_stride5_v2_20260905,chronological_90_10_label_availability_purge_v1_20260905,drift_full_l1_entry_fee_mark_to_market_v1_20260905,2.73036186426019,0.6943987014674047,0.5927726973355962,0.35976684288166316,1.6476579458729466,0.1951523057525838,3.558239800393498,129.90593459654156
TAIWAN50_0050_EX_LATE_HISTORY_2026_PREVCLOSE_ADJUSTED,GERU,Learned baseline,common fixed five-day,6,96,0.001,50.4,nextclose_t1_t6_stride5_v2_20260905,chronological_90_10_label_availability_purge_v1_20260905,drift_full_l1_entry_fee_mark_to_market_v1_20260905,1.1846665830746936,0.09304482519840085,0.1343887571685705,0.30060679240648286,0.4470582853192783,0.4227051889815363,0.2201175372901917,145.39922800451973
TAIWAN50_0050_EX_LATE_HISTORY_2026_PREVCLOSE_ADJUSTED,GERU,Learned baseline,common fixed five-day,7,96,0.001,50.4,nextclose_t1_t6_stride5_v2_20260905,chronological_90_10_label_availability_purge_v1_20260905,drift_full_l1_entry_fee_mark_to_market_v1_20260905,1.4526765066701939,0.21657441629845953,0.21251589791002062,0.179386172148836,1.1846838324511269,0.1773628390181181,1.221081132312817,138.33521544191456
TAIWAN50_0050_EX_LATE_HISTORY_2026_PREVCLOSE_ADJUSTED,GERU,Learned baseline,common fixed five-day,8,96,0.001,50.4,nextclose_t1_t6_stride5_v2_20260905,chronological_90_10_label_availability_purge_v1_20260905,drift_full_l1_entry_fee_mark_to_market_v1_20260905,2.419423492374134,0.5901889964908327,0.5222055275377563,0.33747087869596026,1.5474091558822478,0.2678622084020992,2.203330585570605,114.86924485034996
TAIWAN50_0050_EX_LATE_HISTORY_2026_PREVCLOSE_ADJUSTED,GERU,Learned baseline,common fixed five-day,9,96,0.001,50.4,nextclose_t1_t6_stride5_v2_20260905,chronological_90_10_label_availability_purge_v1_20260905,drift_full_l1_entry_fee_mark_to_market_v1_20260905,3.4537482090061618,0.9169138850204808,0.7070443097403404,0.32808181295613437,2.1550853531612084,0.26135791763867944,3.5082690178458282,91.50713707753157
TAIWAN50_0050_EX_LATE_HISTORY_2026_PREVCLOSE_ADJUSTED,GERU,Learned baseline,common fixed five-day,10,96,0.001,50.4,nextclose_t1_t6_stride5_v2_20260905,chronological_90_10_label_availability_purge_v1_20260905,drift_full_l1_entry_fee_mark_to_market_v1_20260905,3.246478139277126,0.8556307192397967,0.6735729525536781,0.3258407498390328,2.0671845154003208,0.22711762986685358,3.7673461093328835,110.21503926959626
TAIWAN50_0050_EX_LATE_HISTORY_2026_PREVCLOSE_ADJUSTED,StockFormer v2,Learned baseline,common fixed five-day,1,96,0.001,50.4,nextclose_t1_t6_stride5_v2_20260905,chronological_90_10_label_availability_purge_v1_20260905,drift_full_l1_entry_fee_mark_to_market_v1_20260905,1.7924137133097267,0.35848574443520187,0.34656819232779873,0.2833123342552206,1.2232725173750973,0.34658785299257067,1.034328645219099,178.8971645176506
TAIWAN50_0050_EX_LATE_HISTORY_2026_PREVCLOSE_ADJUSTED,StockFormer v2,Learned baseline,common fixed five-day,2,96,0.001,50.4,nextclose_t1_t6_stride5_v2_20260905,chronological_90_10_label_availability_purge_v1_20260905,drift_full_l1_entry_fee_mark_to_market_v1_20260905,1.2750570536777748,0.13606465800333778,0.15280311118043177,0.2237444253345255,0.682935947798352,0.24926620226138207,0.5458608378068822,167.25557573626708
TAIWAN50_0050_EX_LATE_HISTORY_2026_PREVCLOSE_ADJUSTED,StockFormer v2,Learned baseline,common fixed five-day,3,96,0.001,50.4,nextclose_t1_t6_stride5_v2_20260905,chronological_90_10_label_availability_purge_v1_20260905,drift_full_l1_entry_fee_mark_to_market_v1_20260905,1.4960171923811192,0.23549703320516135,0.23429657881983587,0.2139786053130509,1.0949532944055773,0.22900181873049819,1.02836315672369,174.3815361510758
TAIWAN50_0050_EX_LATE_HISTORY_2026_PREVCLOSE_ADJUSTED,StockFormer v2,Learned baseline,common fixed five-day,4,96,0.001,50.4,nextclose_t1_t6_stride5_v2_20260905,chronological_90_10_label_availability_purge_v1_20260905,drift_full_l1_entry_fee_mark_to_market_v1_20260905,1.3876086660725506,0.18765465919397117,0.19209465219699867,0.20029666617984915,0.9590506714900299,0.1710978026889287,1.0967683760097395,152.83137256137323
TAIWAN50_0050_EX_LATE_HISTORY_2026_PREVCLOSE_ADJUSTED,StockFormer v2,Learned baseline,common fixed five-day,5,96,0.001,50.4,nextclose_t1_t6_stride5_v2_20260905,chronological_90_10_label_availability_purge_v1_20260905,drift_full_l1_entry_fee_mark_to_market_v1_20260905,1.469221994228417,0.22382943960890178,0.22123671324452307,0.19539281608457013,1.1322663631029668,0.2480228029277909,0.9024550846402105,173.50998754739692
TAIWAN50_0050_EX_LATE_HISTORY_2026_PREVCLOSE_ADJUSTED,StockFormer v2,Learned baseline,common fixed five-day,6,96,0.001,50.4,nextclose_t1_t6_stride5_v2_20260905,chronological_90_10_label_availability_purge_v1_20260905,drift_full_l1_entry_fee_mark_to_market_v1_20260905,1.5805539783508633,0.27167138640197375,0.26435092885044076,0.21659730671365054,1.2204719110377593,0.264901053012907,1.0255579708425577,174.68769709239348
TAIWAN50_0050_EX_LATE_HISTORY_2026_PREVCLOSE_ADJUSTED,StockFormer v2,Learned baseline,common fixed five-day,7,96,0.001,50.4,nextclose_t1_t6_stride5_v2_20260905,chronological_90_10_label_availability_purge_v1_20260905,drift_full_l1_entry_fee_mark_to_market_v1_20260905,1.4001019792699554,0.1932565487598097,0.20406205163834693,0.23283587659998298,0.8764201403073716,0.22624926069982132,0.8541753823284971,175.24085953394922
TAIWAN50_0050_EX_LATE_HISTORY_2026_PREVCLOSE_ADJUSTED,StockFormer v2,Learned baseline,common fixed five-day,8,96,0.001,50.4,nextclose_t1_t6_stride5_v2_20260905,chronological_90_10_label_availability_purge_v1_20260905,drift_full_l1_entry_fee_mark_to_market_v1_20260905,1.7059886940368636,0.3236936273855897,0.30475343750977046,0.21796523028083772,1.3981745488356574,0.18864136901070705,1.715920686343287,159.86249932054358
TAIWAN50_0050_EX_LATE_HISTORY_2026_PREVCLOSE_ADJUSTED,StockFormer v2,Learned baseline,common fixed five-day,9,96,0.001,50.4,nextclose_t1_t6_stride5_v2_20260905,chronological_90_10_label_availability_purge_v1_20260905,drift_full_l1_entry_fee_mark_to_market_v1_20260905,1.2025171202604987,0.1016608492508726,0.12313483517264405,0.22544981644244932,0.5461740316123821,0.36055698938423175,0.28195500917758254,171.3526598965253
TAIWAN50_0050_EX_LATE_HISTORY_2026_PREVCLOSE_ADJUSTED,StockFormer v2,Learned baseline,common fixed five-day,10,96,0.001,50.4,nextclose_t1_t6_stride5_v2_20260905,chronological_90_10_label_availability_purge_v1_20260905,drift_full_l1_entry_fee_mark_to_market_v1_20260905,2.0158085025897474,0.44489360251200294,0.3898919710417076,0.2037434670158857,1.9136415844504504,0.16371346678462584,2.717513783379135,153.0888991345489
TAIWAN50_0050_EX_LATE_HISTORY_2026_PREVCLOSE_ADJUSTED,MASTER,Learned baseline,common fixed five-day,1,96,0.001,50.4,nextclose_t1_t6_stride5_v2_20260905,chronological_90_10_label_availability_purge_v1_20260905,drift_full_l1_entry_fee_mark_to_market_v1_20260905,1.4659750949245787,0.22240878098785122,0.2520022694079084,0.32041421418717486,0.7864890452728086,0.3138652225955182,0.7086123755560904,127.93113835014246
TAIWAN50_0050_EX_LATE_HISTORY_2026_PREVCLOSE_ADJUSTED,MASTER,Learned baseline,common fixed five-day,2,96,0.001,50.4,nextclose_t1_t6_stride5_v2_20260905,chronological_90_10_label_availability_purge_v1_20260905,drift_full_l1_entry_fee_mark_to_market_v1_20260905,2.3378969368598903,0.5618283975679068,0.49646751929150534,0.3133703596158294,1.5842835930626642,0.22917623734540238,2.451512443330451,137.0311547150149
TAIWAN50_0050_EX_LATE_HISTORY_2026_PREVCLOSE_ADJUSTED,MASTER,Learned baseline,common fixed five-day,3,96,0.001,50.4,nextclose_t1_t6_stride5_v2_20260905,chronological_90_10_label_availability_purge_v1_20260905,drift_full_l1_entry_fee_mark_to_market_v1_20260905,2.314588708974587,0.5536341574729144,0.4927117977664541,0.31771226695732974,1.5508113756042905,0.25783535998815454,2.1472390656516214,146.97753136484135
TAIWAN50_0050_EX_LATE_HISTORY_2026_PREVCLOSE_ADJUSTED,MASTER,Learned baseline,common fixed five-day,4,96,0.001,50.4,nextclose_t1_t6_stride5_v2_20260905,chronological_90_10_label_availability_purge_v1_20260905,drift_full_l1_entry_fee_mark_to_market_v1_20260905,1.7363362423119217,0.3360040076682653,0.3503963566619159,0.34815171767555914,1.0064473011977166,0.30742879005126444,1.0929490618371684,133.72669468576032
TAIWAN50_0050_EX_LATE_HISTORY_2026_PREVCLOSE_ADJUSTED,MASTER,Learned baseline,common fixed five-day,5,96,0.001,50.4,nextclose_t1_t6_stride5_v2_20260905,chronological_90_10_label_availability_purge_v1_20260905,drift_full_l1_entry_fee_mark_to_market_v1_20260905,3.109382356205437,0.8140694858296618,0.654338465618752,0.33544209409313236,1.9506748769493463,0.23034877781343488,3.534073388872055,138.98414952790498
TAIWAN50_0050_EX_LATE_HISTORY_2026_PREVCLOSE_ADJUSTED,MASTER,Learned baseline,common fixed five-day,6,96,0.001,50.4,nextclose_t1_t6_stride5_v2_20260905,chronological_90_10_label_availability_purge_v1_20260905,drift_full_l1_entry_fee_mark_to_market_v1_20260905,1.9631319852030762,0.4249462639388022,0.4062241304208479,0.32304909251700914,1.2574687248176046,0.2631387708998769,1.6149131596441646,136.01687770321877
TAIWAN50_0050_EX_LATE_HISTORY_2026_PREVCLOSE_ADJUSTED,MASTER,Learned baseline,common fixed five-day,7,96,0.001,50.4,nextclose_t1_t6_stride5_v2_20260905,chronological_90_10_label_availability_purge_v1_20260905,drift_full_l1_entry_fee_mark_to_market_v1_20260905,1.7981980896883727,0.3607855981401942,0.3589951583874325,0.31777619621901704,1.1297106663710161,0.2660630799498299,1.3560152660347522,140.09492027361517
TAIWAN50_0050_EX_LATE_HISTORY_2026_PREVCLOSE_ADJUSTED,MASTER,Learned baseline,common fixed five-day,8,96,0.001,50.4,nextclose_t1_t6_stride5_v2_20260905,chronological_90_10_label_availability_purge_v1_20260905,drift_full_l1_entry_fee_mark_to_market_v1_20260905,2.5949232237013677,0.6497394860711947,0.558258062736996,0.3362680498182351,1.66015790985422,0.23810184560123626,2.7288301123014107,135.99341486146432
TAIWAN50_0050_EX_LATE_HISTORY_2026_PREVCLOSE_ADJUSTED,MASTER,Learned baseline,common fixed five-day,9,96,0.001,50.4,nextclose_t1_t6_stride5_v2_20260905,chronological_90_10_label_availability_purge_v1_20260905,drift_full_l1_entry_fee_mark_to_market_v1_20260905,1.694164504193177,0.3188690555401046,0.32418713564282275,0.30754329286335674,1.0541186986212734,0.26564883053120725,1.200340520613153,136.1127061897614
TAIWAN50_0050_EX_LATE_HISTORY_2026_PREVCLOSE_ADJUSTED,MASTER,Learned baseline,common fixed five-day,10,96,0.001,50.4,nextclose_t1_t6_stride5_v2_20260905,chronological_90_10_label_availability_purge_v1_20260905,drift_full_l1_entry_fee_mark_to_market_v1_20260905,1.9936887631170381,0.4365479098074978,0.41179230755251023,0.3123972342500925,1.3181688645260095,0.29433372362636456,1.4831732647858724,141.30089937119797
TAIWAN50_0050_EX_LATE_HISTORY_2026_PREVCLOSE_ADJUSTED,DeepTrader,Learned baseline,common fixed five-day,1,96,0.001,50.4,nextclose_t1_t6_stride5_v2_20260905,chronological_90_10_label_availability_purge_v1_20260905,drift_full_l1_entry_fee_mark_to_market_v1_20260905,1.4525342072751686,0.21651184974565263,0.22964680777984525,0.25699993536393745,0.8935675701810686,0.25973696460227136,0.8335811965662714,148.45678181609998
TAIWAN50_0050_EX_LATE_HISTORY_2026_PREVCLOSE_ADJUSTED,DeepTrader,Learned baseline,common fixed five-day,2,96,0.001,50.4,nextclose_t1_t6_stride5_v2_20260905,chronological_90_10_label_availability_purge_v1_20260905,drift_full_l1_entry_fee_mark_to_market_v1_20260905,1.8848340652903848,0.39482071695288656,0.3569629020798964,0.21594420559908262,1.6530330188281415,0.1912892620161516,2.0639983279330636,107.12384304654827
TAIWAN50_0050_EX_LATE_HISTORY_2026_PREVCLOSE_ADJUSTED,DeepTrader,Learned baseline,common fixed five-day,3,96,0.001,50.4,nextclose_t1_t6_stride5_v2_20260905,chronological_90_10_label_availability_purge_v1_20260905,drift_full_l1_entry_fee_mark_to_market_v1_20260905,1.3435703618287675,0.16771462058568565,0.18236590882585071,0.2325127671599852,0.7843264309884975,0.3027474214180419,0.5539753891218143,129.25857683164733
TAIWAN50_0050_EX_LATE_HISTORY_2026_PREVCLOSE_ADJUSTED,DeepTrader,Learned baseline,common fixed five-day,4,96,0.001,50.4,nextclose_t1_t6_stride5_v2_20260905,chronological_90_10_label_availability_purge_v1_20260905,drift_full_l1_entry_fee_mark_to_market_v1_20260905,2.356347184231801,0.5682872867667652,0.4912487284075294,0.2811165857739083,1.7474910882797312,0.25279153644642294,2.2480471251347014,99.21239234321703
TAIWAN50_0050_EX_LATE_HISTORY_2026_PREVCLOSE_ADJUSTED,DeepTrader,Learned baseline,common fixed five-day,5,96,0.001,50.4,nextclose_t1_t6_stride5_v2_20260905,chronological_90_10_label_availability_purge_v1_20260905,drift_full_l1_entry_fee_mark_to_market_v1_20260905,2.3496225509561093,0.5659359820041567,0.49388269501076215,0.29332794231820003,1.683721949936163,0.3351129222479813,1.6887918800856268,118.9751935030712
TAIWAN50_0050_EX_LATE_HISTORY_2026_PREVCLOSE_ADJUSTED,DeepTrader,Learned baseline,common fixed five-day,6,96,0.001,50.4,nextclose_t1_t6_stride5_v2_20260905,chronological_90_10_label_availability_purge_v1_20260905,drift_full_l1_entry_fee_mark_to_market_v1_20260905,2.2290185362872856,0.5232096485441211,0.4559874996063824,0.2607825504181015,1.7485353175483451,0.18070101042075137,2.8954439564331107,101.74655321527025
TAIWAN50_0050_EX_LATE_HISTORY_2026_PREVCLOSE_ADJUSTED,DeepTrader,Learned baseline,common fixed five-day,7,96,0.001,50.4,nextclose_t1_t6_stride5_v2_20260905,chronological_90_10_label_availability_purge_v1_20260905,drift_full_l1_entry_fee_mark_to_market_v1_20260905,1.3724904066577637,0.18084363148352578,0.1930465158206881,0.2317598365190429,0.8329593199589013,0.2661867395569597,0.679386327750666,123.83617321967907
TAIWAN50_0050_EX_LATE_HISTORY_2026_PREVCLOSE_ADJUSTED,DeepTrader,Learned baseline,common fixed five-day,8,96,0.001,50.4,nextclose_t1_t6_stride5_v2_20260905,chronological_90_10_label_availability_purge_v1_20260905,drift_full_l1_entry_fee_mark_to_market_v1_20260905,2.2012935115791743,0.5132334248450905,0.4435433454615063,0.2374211716902955,1.8681709904122925,0.20060271114366734,2.558457071288153,118.9711294456344
TAIWAN50_0050_EX_LATE_HISTORY_2026_PREVCLOSE_ADJUSTED,DeepTrader,Learned baseline,common fixed five-day,9,96,0.001,50.4,nextclose_t1_t6_stride5_v2_20260905,chronological_90_10_label_availability_purge_v1_20260905,drift_full_l1_entry_fee_mark_to_market_v1_20260905,1.5552963548975423,0.26096172980128807,0.27485243523819586,0.2904349506083054,0.9463476577544386,0.4269189957136774,0.6112675529113907,123.37866995213832
TAIWAN50_0050_EX_LATE_HISTORY_2026_PREVCLOSE_ADJUSTED,DeepTrader,Learned baseline,common fixed five-day,10,96,0.001,50.4,nextclose_t1_t6_stride5_v2_20260905,chronological_90_10_label_availability_purge_v1_20260905,drift_full_l1_entry_fee_mark_to_market_v1_20260905,1.3478677153879517,0.1696739487462624,0.1900381420872545,0.2559870730794895,0.7423739792838819,0.39208811312531044,0.43274443439205973,131.5490246643917
TAIWAN50_0050_EX_LATE_HISTORY_2026_PREVCLOSE_ADJUSTED,Buy-and-Hold Equal Weight,Classical baseline,common fixed five-day,deterministic,96,0.001,50.4,nextclose_t1_t6_stride5_v2_20260905,chronological_90_10_label_availability_purge_v1_20260905,drift_full_l1_entry_fee_mark_to_market_v1_20260905,1.8947765791030131,0.3986786772164226,0.35465639705925467,0.1895739928062047,1.8708072336789798,0.18009087409925695,2.2137639078629334,1.0000000000000115
TAIWAN50_0050_EX_LATE_HISTORY_2026_PREVCLOSE_ADJUSTED,Equal-Weight Rebalanced,Classical baseline,common fixed five-day,deterministic,96,0.001,50.4,nextclose_t1_t6_stride5_v2_20260905,chronological_90_10_label_availability_purge_v1_20260905,drift_full_l1_entry_fee_mark_to_market_v1_20260905,1.783103232307838,0.35477650332793287,0.31979401516193795,0.1742262123052983,1.835510345604941,0.16983541843837724,2.0889429695529573,3.8166383442944074
TAIWAN50_0050_EX_LATE_HISTORY_2026_PREVCLOSE_ADJUSTED,Momentum-15 Top-5 Equal Weight,Classical baseline,common fixed five-day,deterministic,96,0.001,50.4,nextclose_t1_t6_stride5_v2_20260905,chronological_90_10_label_availability_purge_v1_20260905,drift_full_l1_entry_fee_mark_to_market_v1_20260905,3.325240118389642,0.8791311034112437,0.6844854576356867,0.3205984419382352,2.135024279898266,0.22764504939073027,3.861850304955685,91.33697403454066
TAIWAN50_0050_EX_LATE_HISTORY_2026_PREVCLOSE_ADJUSTED,Volatility-Scaled Momentum-15 Top-5,Classical baseline,common fixed five-day,deterministic,96,0.001,50.4,nextclose_t1_t6_stride5_v2_20260905,chronological_90_10_label_availability_purge_v1_20260905,drift_full_l1_entry_fee_mark_to_market_v1_20260905,2.8394310247287615,0.7296030590818245,0.5976497666875306,0.31086693093971607,1.9225260302885931,0.24753827178747778,2.9474353756021214,104.50875826907789
TAIWAN50_0050_EX_LATE_HISTORY_2026_PREVCLOSE_ADJUSTED,Minimum Variance (15-day shrinkage),Classical baseline,common fixed five-day,deterministic,96,0.001,50.4,nextclose_t1_t6_stride5_v2_20260905,chronological_90_10_label_availability_purge_v1_20260905,drift_full_l1_entry_fee_mark_to_market_v1_20260905,1.1530064951446737,0.07761014351045992,0.07907162551158772,0.09281157820764142,0.8519586353190312,0.1458563903381227,0.5320997134958909,68.99594609860313
